"",".id","classification","year","period","period_desc","aggregate_level","is_leaf_code","trade_flow_code","trade_flow","reporter_code","reporter","reporter_iso","partner_code","partner","partner_iso","second_partner_code","second_partner","second_partner_iso","customs_proc_code","customs","mode_of_transport_code","mode_of_transport","commodity_code","commodity","qty_unit_code","qty_unit","alt_qty_unit_code","alt_qty_unit","qty","alt_qty","netweight_kg","gross_weight_kg","trade_value_usd","cif_trade_value_usd","fob_trade_value_usd","flag"
"1","2","HS",2017,201709,"September 2017",4,0,2,"Exports",32,"Argentina",NA,0,"World",NA,NA,NA,NA,NA,NA,NA,NA,"3915","Waste, parings and scrap, of plastics",0,NA,NA,NA,NA,NA,71100,NA,7821,NA,NA,0
"2","2","HS",2017,201709,"September 2017",4,0,2,"Exports",32,"Argentina",NA,600,"Paraguay",NA,NA,NA,NA,NA,NA,NA,NA,"3915","Waste, parings and scrap, of plastics",0,NA,NA,NA,NA,NA,71100,NA,7821,NA,NA,0
"3","2","HS",2017,201709,"September 2017",4,0,2,"Exports",51,"Armenia",NA,0,"World",NA,NA,NA,NA,NA,NA,NA,NA,"3915","Waste, parings and scrap, of plastics",0,NA,NA,NA,NA,NA,14078,NA,4931,NA,NA,0
"4","2","HS",2017,201709,"September 2017",4,0,2,"Exports",51,"Armenia",NA,643,"Russian Federation",NA,NA,NA,NA,NA,NA,NA,NA,"3915","Waste, parings and scrap, of plastics",0,NA,NA,NA,NA,NA,14078,NA,4931,NA,NA,0
"5","2","HS",2017,201709,"September 2017",4,0,2,"Exports",36,"Australia",NA,699,"India",NA,NA,NA,NA,NA,NA,NA,NA,"3915","Waste, parings and scrap, of plastics",0,NA,NA,NA,NA,NA,76266,NA,44999,NA,NA,0
"6","2","HS",2017,201709,"September 2017",4,0,2,"Exports",36,"Australia",NA,490,"Other Asia, nes",NA,NA,NA,NA,NA,NA,NA,NA,"3915","Waste, parings and scrap, of plastics",0,NA,NA,NA,NA,NA,255920,NA,67749,NA,NA,0
"7","2","HS",2017,201709,"September 2017",4,0,2,"Exports",36,"Australia",NA,0,"World",NA,NA,NA,NA,NA,NA,NA,NA,"3915","Waste, parings and scrap, of plastics",0,NA,NA,NA,NA,NA,10142800,NA,2780808,NA,NA,0
"8","2","HS",2017,201709,"September 2017",4,0,2,"Exports",36,"Australia",NA,156,"China",NA,NA,NA,NA,NA,NA,NA,NA,"3915","Waste, parings and scrap, of plastics",0,NA,NA,NA,NA,NA,1817100,NA,501727,NA,NA,0
"9","2","HS",2017,201709,"September 2017",4,0,2,"Exports",36,"Australia",NA,344,"China, Hong Kong SAR",NA,NA,NA,NA,NA,NA,NA,NA,"3915","Waste, parings and scrap, of plastics",0,NA,NA,NA,NA,NA,1784162,NA,489078,NA,NA,0
"10","2","HS",2017,201709,"September 2017",4,0,2,"Exports",36,"Australia",NA,360,"Indonesia",NA,NA,NA,NA,NA,NA,NA,NA,"3915","Waste, parings and scrap, of plastics",0,NA,NA,NA,NA,NA,556630,NA,231618,NA,NA,0
"11","2","HS",2017,201709,"September 2017",4,0,2,"Exports",36,"Australia",NA,392,"Japan",NA,NA,NA,NA,NA,NA,NA,NA,"3915","Waste, parings and scrap, of plastics",0,NA,NA,NA,NA,NA,9467,NA,26737,NA,NA,0
"12","2","HS",2017,201709,"September 2017",4,0,2,"Exports",36,"Australia",NA,410,"Rep. of Korea",NA,NA,NA,NA,NA,NA,NA,NA,"3915","Waste, parings and scrap, of plastics",0,NA,NA,NA,NA,NA,148900,NA,57452,NA,NA,0
"13","2","HS",2017,201709,"September 2017",4,0,2,"Exports",36,"Australia",NA,458,"Malaysia",NA,NA,NA,NA,NA,NA,NA,NA,"3915","Waste, parings and scrap, of plastics",0,NA,NA,NA,NA,NA,2136877,NA,418006,NA,NA,0
"14","2","HS",2017,201709,"September 2017",4,0,2,"Exports",36,"Australia",NA,620,"Portugal",NA,NA,NA,NA,NA,NA,NA,NA,"3915","Waste, parings and scrap, of plastics",0,NA,NA,NA,NA,NA,22000,NA,13576,NA,NA,0
"15","2","HS",2017,201709,"September 2017",4,0,2,"Exports",36,"Australia",NA,704,"Viet Nam",NA,NA,NA,NA,NA,NA,NA,NA,"3915","Waste, parings and scrap, of plastics",0,NA,NA,NA,NA,NA,1348580,NA,454175,NA,NA,0
"16","2","HS",2017,201709,"September 2017",4,0,2,"Exports",36,"Australia",NA,724,"Spain",NA,NA,NA,NA,NA,NA,NA,NA,"3915","Waste, parings and scrap, of plastics",0,NA,NA,NA,NA,NA,18300,NA,6577,NA,NA,0
"17","2","HS",2017,201709,"September 2017",4,0,2,"Exports",36,"Australia",NA,764,"Thailand",NA,NA,NA,NA,NA,NA,NA,NA,"3915","Waste, parings and scrap, of plastics",0,NA,NA,NA,NA,NA,1962200,NA,396825,NA,NA,0
"18","2","HS",2017,201709,"September 2017",4,0,2,"Exports",36,"Australia",NA,784,"United Arab Emirates",NA,NA,NA,NA,NA,NA,NA,NA,"3915","Waste, parings and scrap, of plastics",0,NA,NA,NA,NA,NA,6398,NA,72288,NA,NA,0
"19","4","HS",2017,201709,"September 2017",4,0,2,"Exports",56,"Belgium",NA,360,"Indonesia",NA,NA,NA,NA,NA,NA,NA,NA,"3915","Waste, parings and scrap, of plastics",0,NA,NA,NA,NA,NA,874990,NA,265407,NA,NA,0
"20","4","HS",2017,201709,"September 2017",4,0,2,"Exports",56,"Belgium",NA,484,"Mexico",NA,NA,NA,NA,NA,NA,NA,NA,"3915","Waste, parings and scrap, of plastics",0,NA,NA,NA,NA,NA,119620,NA,59985,NA,NA,0
"21","4","HS",2017,201709,"September 2017",4,0,2,"Exports",56,"Belgium",NA,40,"Austria",NA,NA,NA,NA,NA,NA,NA,NA,"3915","Waste, parings and scrap, of plastics",0,NA,NA,NA,NA,NA,62164,NA,21367,NA,NA,0
"22","4","HS",2017,201709,"September 2017",4,0,2,"Exports",56,"Belgium",NA,554,"New Zealand",NA,NA,NA,NA,NA,NA,NA,NA,"3915","Waste, parings and scrap, of plastics",0,NA,NA,NA,NA,NA,72100,NA,21041,NA,NA,0
"23","4","HS",2017,201709,"September 2017",4,0,2,"Exports",56,"Belgium",NA,704,"Viet Nam",NA,NA,NA,NA,NA,NA,NA,NA,"3915","Waste, parings and scrap, of plastics",0,NA,NA,NA,NA,NA,2585850,NA,550817,NA,NA,0
"24","4","HS",2017,201709,"September 2017",4,0,2,"Exports",56,"Belgium",NA,208,"Denmark",NA,NA,NA,NA,NA,NA,NA,NA,"3915","Waste, parings and scrap, of plastics",0,NA,NA,NA,NA,NA,37465,NA,22030,NA,NA,0
"25","4","HS",2017,201709,"September 2017",4,0,2,"Exports",56,"Belgium",NA,76,"Brazil",NA,NA,NA,NA,NA,NA,NA,NA,"3915","Waste, parings and scrap, of plastics",0,NA,NA,NA,NA,NA,18680,NA,8985,NA,NA,0
"26","4","HS",2017,201709,"September 2017",4,0,2,"Exports",56,"Belgium",NA,410,"Rep. of Korea",NA,NA,NA,NA,NA,NA,NA,NA,"3915","Waste, parings and scrap, of plastics",0,NA,NA,NA,NA,NA,110220,NA,47086,NA,NA,0
"27","4","HS",2017,201709,"September 2017",4,0,2,"Exports",56,"Belgium",NA,764,"Thailand",NA,NA,NA,NA,NA,NA,NA,NA,"3915","Waste, parings and scrap, of plastics",0,NA,NA,NA,NA,NA,1443360,NA,132837,NA,NA,0
"28","4","HS",2017,201709,"September 2017",4,0,2,"Exports",56,"Belgium",NA,276,"Germany",NA,NA,NA,NA,NA,NA,NA,NA,"3915","Waste, parings and scrap, of plastics",0,NA,NA,NA,NA,NA,2729740,NA,1190386,NA,NA,0
"29","4","HS",2017,201709,"September 2017",4,0,2,"Exports",56,"Belgium",NA,784,"United Arab Emirates",NA,NA,NA,NA,NA,NA,NA,NA,"3915","Waste, parings and scrap, of plastics",0,NA,NA,NA,NA,NA,385638,NA,61306,NA,NA,0
"30","4","HS",2017,201709,"September 2017",4,0,2,"Exports",56,"Belgium",NA,203,"Czech Rep.",NA,NA,NA,NA,NA,NA,NA,NA,"3915","Waste, parings and scrap, of plastics",0,NA,NA,NA,NA,NA,86280,NA,33149,NA,NA,0
"31","4","HS",2017,201709,"September 2017",4,0,2,"Exports",56,"Belgium",NA,440,"Lithuania",NA,NA,NA,NA,NA,NA,NA,NA,"3915","Waste, parings and scrap, of plastics",0,NA,NA,NA,NA,NA,300981,NA,31561,NA,NA,0
"32","4","HS",2017,201709,"September 2017",4,0,2,"Exports",56,"Belgium",NA,344,"China, Hong Kong SAR",NA,NA,NA,NA,NA,NA,NA,NA,"3915","Waste, parings and scrap, of plastics",0,NA,NA,NA,NA,NA,1283046,NA,573714,NA,NA,0
"33","4","HS",2017,201709,"September 2017",4,0,2,"Exports",56,"Belgium",NA,699,"India",NA,NA,NA,NA,NA,NA,NA,NA,"3915","Waste, parings and scrap, of plastics",0,NA,NA,NA,NA,NA,800399,NA,385624,NA,NA,0
"34","4","HS",2017,201709,"September 2017",4,0,2,"Exports",56,"Belgium",NA,586,"Pakistan",NA,NA,NA,NA,NA,NA,NA,NA,"3915","Waste, parings and scrap, of plastics",0,NA,NA,NA,NA,NA,500240,NA,230149,NA,NA,0
"35","4","HS",2017,201709,"September 2017",4,0,2,"Exports",56,"Belgium",NA,842,"United States of America",NA,NA,NA,NA,NA,NA,NA,NA,"3915","Waste, parings and scrap, of plastics",0,NA,NA,NA,NA,NA,834146,NA,299499,NA,NA,0
"36","4","HS",2017,201709,"September 2017",4,0,2,"Exports",56,"Belgium",NA,620,"Portugal",NA,NA,NA,NA,NA,NA,NA,NA,"3915","Waste, parings and scrap, of plastics",0,NA,NA,NA,NA,NA,158000,NA,104956,NA,NA,0
"37","4","HS",2017,201709,"September 2017",4,0,2,"Exports",56,"Belgium",NA,792,"Turkey",NA,NA,NA,NA,NA,NA,NA,NA,"3915","Waste, parings and scrap, of plastics",0,NA,NA,NA,NA,NA,2554302,NA,739048,NA,NA,0
"38","4","HS",2017,201709,"September 2017",4,0,2,"Exports",56,"Belgium",NA,804,"Ukraine",NA,NA,NA,NA,NA,NA,NA,NA,"3915","Waste, parings and scrap, of plastics",0,NA,NA,NA,NA,NA,3525,NA,5539,NA,NA,0
"39","4","HS",2017,201709,"September 2017",4,0,2,"Exports",56,"Belgium",NA,682,"Saudi Arabia",NA,NA,NA,NA,NA,NA,NA,NA,"3915","Waste, parings and scrap, of plastics",0,NA,NA,NA,NA,NA,112680,NA,22757,NA,NA,0
"40","4","HS",2017,201709,"September 2017",4,0,2,"Exports",56,"Belgium",NA,724,"Spain",NA,NA,NA,NA,NA,NA,NA,NA,"3915","Waste, parings and scrap, of plastics",0,NA,NA,NA,NA,NA,132259,NA,49326,NA,NA,0
"41","4","HS",2017,201709,"September 2017",4,0,2,"Exports",56,"Belgium",NA,757,"Switzerland",NA,NA,NA,NA,NA,NA,NA,NA,"3915","Waste, parings and scrap, of plastics",0,NA,NA,NA,NA,NA,432,NA,1820,NA,NA,0
"42","4","HS",2017,201709,"September 2017",4,0,2,"Exports",56,"Belgium",NA,490,"Other Asia, nes",NA,NA,NA,NA,NA,NA,NA,NA,"3915","Waste, parings and scrap, of plastics",0,NA,NA,NA,NA,NA,589600,NA,222927,NA,NA,0
"43","4","HS",2017,201709,"September 2017",4,0,2,"Exports",56,"Belgium",NA,100,"Bulgaria",NA,NA,NA,NA,NA,NA,NA,NA,"3915","Waste, parings and scrap, of plastics",0,NA,NA,NA,NA,NA,561420,NA,194727,NA,NA,0
"44","4","HS",2017,201709,"September 2017",4,0,2,"Exports",56,"Belgium",NA,705,"Slovenia",NA,NA,NA,NA,NA,NA,NA,NA,"3915","Waste, parings and scrap, of plastics",0,NA,NA,NA,NA,NA,1060252,NA,376918,NA,NA,0
"45","4","HS",2017,201709,"September 2017",4,0,2,"Exports",56,"Belgium",NA,826,"United Kingdom",NA,NA,NA,NA,NA,NA,NA,NA,"3915","Waste, parings and scrap, of plastics",0,NA,NA,NA,NA,NA,405960,NA,113592,NA,NA,0
"46","4","HS",2017,201709,"September 2017",4,0,2,"Exports",56,"Belgium",NA,381,"Italy",NA,NA,NA,NA,NA,NA,NA,NA,"3915","Waste, parings and scrap, of plastics",0,NA,NA,NA,NA,NA,1150638,NA,754802,NA,NA,0
"47","4","HS",2017,201709,"September 2017",4,0,2,"Exports",56,"Belgium",NA,702,"Singapore",NA,NA,NA,NA,NA,NA,NA,NA,"3915","Waste, parings and scrap, of plastics",0,NA,NA,NA,NA,NA,21946,NA,14481,NA,NA,0
"48","4","HS",2017,201709,"September 2017",4,0,2,"Exports",56,"Belgium",NA,616,"Poland",NA,NA,NA,NA,NA,NA,NA,NA,"3915","Waste, parings and scrap, of plastics",0,NA,NA,NA,NA,NA,425753,NA,253338,NA,NA,0
"49","4","HS",2017,201709,"September 2017",4,0,2,"Exports",56,"Belgium",NA,442,"Luxembourg",NA,NA,NA,NA,NA,NA,NA,NA,"3915","Waste, parings and scrap, of plastics",0,NA,NA,NA,NA,NA,332066,NA,241030,NA,NA,0
"50","4","HS",2017,201709,"September 2017",4,0,2,"Exports",56,"Belgium",NA,251,"France",NA,NA,NA,NA,NA,NA,NA,NA,"3915","Waste, parings and scrap, of plastics",0,NA,NA,NA,NA,NA,3428488,NA,2172998,NA,NA,0
"51","4","HS",2017,201709,"September 2017",4,0,2,"Exports",56,"Belgium",NA,156,"China",NA,NA,NA,NA,NA,NA,NA,NA,"3915","Waste, parings and scrap, of plastics",0,NA,NA,NA,NA,NA,7848673,NA,2468787,NA,NA,0
"52","4","HS",2017,201709,"September 2017",4,0,2,"Exports",56,"Belgium",NA,348,"Hungary",NA,NA,NA,NA,NA,NA,NA,NA,"3915","Waste, parings and scrap, of plastics",0,NA,NA,NA,NA,NA,144610,NA,64284,NA,NA,0
"53","4","HS",2017,201709,"September 2017",4,0,2,"Exports",56,"Belgium",NA,458,"Malaysia",NA,NA,NA,NA,NA,NA,NA,NA,"3915","Waste, parings and scrap, of plastics",0,NA,NA,NA,NA,NA,655375,NA,152379,NA,NA,0
"54","4","HS",2017,201709,"September 2017",4,0,2,"Exports",56,"Belgium",NA,528,"Netherlands",NA,NA,NA,NA,NA,NA,NA,NA,"3915","Waste, parings and scrap, of plastics",0,NA,NA,NA,NA,NA,10637362,NA,4197078,NA,NA,0
"55","4","HS",2017,201709,"September 2017",4,0,2,"Exports",56,"Belgium",NA,36,"Australia",NA,NA,NA,NA,NA,NA,NA,NA,"3915","Waste, parings and scrap, of plastics",0,NA,NA,NA,NA,NA,102500,NA,23324,NA,NA,0
"56","4","HS",2017,201709,"September 2017",4,0,2,"Exports",56,"Belgium",NA,0,"World",NA,NA,NA,NA,NA,NA,NA,NA,"3915","Waste, parings and scrap, of plastics",0,NA,NA,NA,NA,NA,42570759,NA,16109055,NA,NA,0
"57","5","HS",2017,201709,"September 2017",4,0,2,"Exports",76,"Brazil",NA,858,"Uruguay",NA,NA,NA,NA,NA,NA,NA,NA,"3915","Waste, parings and scrap, of plastics",0,NA,NA,NA,NA,NA,250,NA,75,NA,NA,0
"58","5","HS",2017,201709,"September 2017",4,0,2,"Exports",76,"Brazil",NA,600,"Paraguay",NA,NA,NA,NA,NA,NA,NA,NA,"3915","Waste, parings and scrap, of plastics",0,NA,NA,NA,NA,NA,69272,NA,29390,NA,NA,0
"59","5","HS",2017,201709,"September 2017",4,0,2,"Exports",76,"Brazil",NA,68,"Bolivia",NA,NA,NA,NA,NA,NA,NA,NA,"3915","Waste, parings and scrap, of plastics",0,NA,NA,NA,NA,NA,360,NA,880,NA,NA,0
"60","5","HS",2017,201709,"September 2017",4,0,2,"Exports",76,"Brazil",NA,276,"Germany",NA,NA,NA,NA,NA,NA,NA,NA,"3915","Waste, parings and scrap, of plastics",0,NA,NA,NA,NA,NA,19550,NA,28329,NA,NA,0
"61","5","HS",2017,201709,"September 2017",4,0,2,"Exports",76,"Brazil",NA,376,"Israel",NA,NA,NA,NA,NA,NA,NA,NA,"3915","Waste, parings and scrap, of plastics",0,NA,NA,NA,NA,NA,35200,NA,7040,NA,NA,0
"62","5","HS",2017,201709,"September 2017",4,0,2,"Exports",76,"Brazil",NA,156,"China",NA,NA,NA,NA,NA,NA,NA,NA,"3915","Waste, parings and scrap, of plastics",0,NA,NA,NA,NA,NA,927060,NA,14951,NA,NA,0
"63","5","HS",2017,201709,"September 2017",4,0,2,"Exports",76,"Brazil",NA,842,"United States of America",NA,NA,NA,NA,NA,NA,NA,NA,"3915","Waste, parings and scrap, of plastics",0,NA,NA,NA,NA,NA,30664,NA,50026,NA,NA,0
"64","5","HS",2017,201709,"September 2017",4,0,2,"Exports",76,"Brazil",NA,0,"World",NA,NA,NA,NA,NA,NA,NA,NA,"3915","Waste, parings and scrap, of plastics",0,NA,NA,NA,NA,NA,1082356,NA,130691,NA,NA,0
"65","7","HS",2017,201709,"September 2017",4,0,2,"Exports",344,"China, Hong Kong SAR",NA,0,"World",NA,NA,NA,NA,NA,NA,NA,NA,"3915","Waste, parings and scrap, of plastics",0,NA,NA,NA,NA,NA,91887764,NA,27705573,NA,NA,0
"66","7","HS",2017,201709,"September 2017",4,0,2,"Exports",344,"China, Hong Kong SAR",NA,104,"Myanmar",NA,NA,NA,NA,NA,NA,NA,NA,"3915","Waste, parings and scrap, of plastics",0,NA,NA,NA,NA,NA,419100,NA,72531,NA,NA,0
"67","7","HS",2017,201709,"September 2017",4,0,2,"Exports",344,"China, Hong Kong SAR",NA,156,"China",NA,NA,NA,NA,NA,NA,NA,NA,"3915","Waste, parings and scrap, of plastics",0,NA,NA,NA,NA,NA,85264136,NA,25709325,NA,NA,0
"68","7","HS",2017,201709,"September 2017",4,0,2,"Exports",344,"China, Hong Kong SAR",NA,360,"Indonesia",NA,NA,NA,NA,NA,NA,NA,NA,"3915","Waste, parings and scrap, of plastics",0,NA,NA,NA,NA,NA,110643,NA,83039,NA,NA,0
"69","7","HS",2017,201709,"September 2017",4,0,2,"Exports",344,"China, Hong Kong SAR",NA,364,"Iran",NA,NA,NA,NA,NA,NA,NA,NA,"3915","Waste, parings and scrap, of plastics",0,NA,NA,NA,NA,NA,2400,NA,2302,NA,NA,0
"70","7","HS",2017,201709,"September 2017",4,0,2,"Exports",344,"China, Hong Kong SAR",NA,458,"Malaysia",NA,NA,NA,NA,NA,NA,NA,NA,"3915","Waste, parings and scrap, of plastics",0,NA,NA,NA,NA,NA,2886143,NA,769749,NA,NA,0
"71","7","HS",2017,201709,"September 2017",4,0,2,"Exports",344,"China, Hong Kong SAR",NA,490,"Other Asia, nes",NA,NA,NA,NA,NA,NA,NA,NA,"3915","Waste, parings and scrap, of plastics",0,NA,NA,NA,NA,NA,502207,NA,204493,NA,NA,0
"72","7","HS",2017,201709,"September 2017",4,0,2,"Exports",344,"China, Hong Kong SAR",NA,586,"Pakistan",NA,NA,NA,NA,NA,NA,NA,NA,"3915","Waste, parings and scrap, of plastics",0,NA,NA,NA,NA,NA,27812,NA,3689,NA,NA,0
"73","7","HS",2017,201709,"September 2017",4,0,2,"Exports",344,"China, Hong Kong SAR",NA,608,"Philippines",NA,NA,NA,NA,NA,NA,NA,NA,"3915","Waste, parings and scrap, of plastics",0,NA,NA,NA,NA,NA,323310,NA,100176,NA,NA,0
"74","7","HS",2017,201709,"September 2017",4,0,2,"Exports",344,"China, Hong Kong SAR",NA,699,"India",NA,NA,NA,NA,NA,NA,NA,NA,"3915","Waste, parings and scrap, of plastics",0,NA,NA,NA,NA,NA,17607,NA,12219,NA,NA,0
"75","7","HS",2017,201709,"September 2017",4,0,2,"Exports",344,"China, Hong Kong SAR",NA,704,"Viet Nam",NA,NA,NA,NA,NA,NA,NA,NA,"3915","Waste, parings and scrap, of plastics",0,NA,NA,NA,NA,NA,1000641,NA,283666,NA,NA,0
"76","7","HS",2017,201709,"September 2017",4,0,2,"Exports",344,"China, Hong Kong SAR",NA,764,"Thailand",NA,NA,NA,NA,NA,NA,NA,NA,"3915","Waste, parings and scrap, of plastics",0,NA,NA,NA,NA,NA,1333765,NA,464385,NA,NA,0
"77","7","HS",2017,201709,"September 2017",4,0,2,"Exports",152,"Chile",NA,156,"China",NA,NA,NA,NA,NA,NA,NA,NA,"3915","Waste, parings and scrap, of plastics",0,NA,NA,NA,NA,NA,521378,NA,186181,NA,NA,0
"78","7","HS",2017,201709,"September 2017",4,0,2,"Exports",152,"Chile",NA,0,"World",NA,NA,NA,NA,NA,NA,NA,NA,"3915","Waste, parings and scrap, of plastics",0,NA,NA,NA,NA,NA,1160394,NA,406194,NA,NA,0
"79","7","HS",2017,201709,"September 2017",4,0,2,"Exports",152,"Chile",NA,68,"Bolivia",NA,NA,NA,NA,NA,NA,NA,NA,"3915","Waste, parings and scrap, of plastics",0,NA,NA,NA,NA,NA,1736,NA,645,NA,NA,0
"80","7","HS",2017,201709,"September 2017",4,0,2,"Exports",152,"Chile",NA,704,"Viet Nam",NA,NA,NA,NA,NA,NA,NA,NA,"3915","Waste, parings and scrap, of plastics",0,NA,NA,NA,NA,NA,287200,NA,73707,NA,NA,0
"81","7","HS",2017,201709,"September 2017",4,0,2,"Exports",152,"Chile",NA,344,"China, Hong Kong SAR",NA,NA,NA,NA,NA,NA,NA,NA,"3915","Waste, parings and scrap, of plastics",0,NA,NA,NA,NA,NA,63009,NA,20605,NA,NA,0
"82","7","HS",2017,201709,"September 2017",4,0,2,"Exports",152,"Chile",NA,724,"Spain",NA,NA,NA,NA,NA,NA,NA,NA,"3915","Waste, parings and scrap, of plastics",0,NA,NA,NA,NA,NA,23960,NA,13022,NA,NA,0
"83","7","HS",2017,201709,"September 2017",4,0,2,"Exports",152,"Chile",NA,604,"Peru",NA,NA,NA,NA,NA,NA,NA,NA,"3915","Waste, parings and scrap, of plastics",0,NA,NA,NA,NA,NA,141457,NA,57530,NA,NA,0
"84","7","HS",2017,201709,"September 2017",4,0,2,"Exports",152,"Chile",NA,842,"United States of America",NA,NA,NA,NA,NA,NA,NA,NA,"3915","Waste, parings and scrap, of plastics",0,NA,NA,NA,NA,NA,121654,NA,54504,NA,NA,0
"85","7","HS",2017,201709,"September 2017",4,0,2,"Exports",124,"Canada",NA,0,"World",NA,NA,NA,NA,NA,NA,NA,NA,"3915","Waste, parings and scrap, of plastics",0,NA,NA,NA,NA,NA,15883966,NA,7975311,NA,NA,0
"86","7","HS",2017,201709,"September 2017",4,0,2,"Exports",124,"Canada",NA,842,"United States of America",NA,NA,NA,NA,NA,NA,NA,NA,"3915","Waste, parings and scrap, of plastics",0,NA,NA,NA,NA,NA,8843373,NA,4309208,NA,NA,0
"87","7","HS",2017,201709,"September 2017",4,0,2,"Exports",124,"Canada",NA,212,"Dominica",NA,NA,NA,NA,NA,NA,NA,NA,"3915","Waste, parings and scrap, of plastics",0,NA,NA,NA,NA,NA,5116,NA,4996,NA,NA,0
"88","7","HS",2017,201709,"September 2017",4,0,2,"Exports",124,"Canada",NA,670,"Saint Vincent and the Grenadines",NA,NA,NA,NA,NA,NA,NA,NA,"3915","Waste, parings and scrap, of plastics",0,NA,NA,NA,NA,NA,32547,NA,32616,NA,NA,0
"89","7","HS",2017,201709,"September 2017",4,0,2,"Exports",124,"Canada",NA,344,"China, Hong Kong SAR",NA,NA,NA,NA,NA,NA,NA,NA,"3915","Waste, parings and scrap, of plastics",0,NA,NA,NA,NA,NA,832479,NA,397475,NA,NA,0
"90","7","HS",2017,201709,"September 2017",4,0,2,"Exports",124,"Canada",NA,56,"Belgium",NA,NA,NA,NA,NA,NA,NA,NA,"3915","Waste, parings and scrap, of plastics",0,NA,NA,NA,NA,NA,6149,NA,6005,NA,NA,0
"91","7","HS",2017,201709,"September 2017",4,0,2,"Exports",124,"Canada",NA,608,"Philippines",NA,NA,NA,NA,NA,NA,NA,NA,"3915","Waste, parings and scrap, of plastics",0,NA,NA,NA,NA,NA,165303,NA,104040,NA,NA,0
"92","7","HS",2017,201709,"September 2017",4,0,2,"Exports",124,"Canada",NA,276,"Germany",NA,NA,NA,NA,NA,NA,NA,NA,"3915","Waste, parings and scrap, of plastics",0,NA,NA,NA,NA,NA,70,NA,25,NA,NA,0
"93","7","HS",2017,201709,"September 2017",4,0,2,"Exports",124,"Canada",NA,704,"Viet Nam",NA,NA,NA,NA,NA,NA,NA,NA,"3915","Waste, parings and scrap, of plastics",0,NA,NA,NA,NA,NA,926821,NA,855901,NA,NA,0
"94","7","HS",2017,201709,"September 2017",4,0,2,"Exports",124,"Canada",NA,764,"Thailand",NA,NA,NA,NA,NA,NA,NA,NA,"3915","Waste, parings and scrap, of plastics",0,NA,NA,NA,NA,NA,458852,NA,171252,NA,NA,0
"95","7","HS",2017,201709,"September 2017",4,0,2,"Exports",124,"Canada",NA,156,"China",NA,NA,NA,NA,NA,NA,NA,NA,"3915","Waste, parings and scrap, of plastics",0,NA,NA,NA,NA,NA,1830402,NA,846580,NA,NA,0
"96","7","HS",2017,201709,"September 2017",4,0,2,"Exports",124,"Canada",NA,724,"Spain",NA,NA,NA,NA,NA,NA,NA,NA,"3915","Waste, parings and scrap, of plastics",0,NA,NA,NA,NA,NA,49260,NA,23197,NA,NA,0
"97","7","HS",2017,201709,"September 2017",4,0,2,"Exports",124,"Canada",NA,340,"Honduras",NA,NA,NA,NA,NA,NA,NA,NA,"3915","Waste, parings and scrap, of plastics",0,NA,NA,NA,NA,NA,1032,NA,1000,NA,NA,0
"98","7","HS",2017,201709,"September 2017",4,0,2,"Exports",124,"Canada",NA,360,"Indonesia",NA,NA,NA,NA,NA,NA,NA,NA,"3915","Waste, parings and scrap, of plastics",0,NA,NA,NA,NA,NA,16320,NA,6518,NA,NA,0
"99","7","HS",2017,201709,"September 2017",4,0,2,"Exports",124,"Canada",NA,458,"Malaysia",NA,NA,NA,NA,NA,NA,NA,NA,"3915","Waste, parings and scrap, of plastics",0,NA,NA,NA,NA,NA,1856114,NA,849501,NA,NA,0
"100","7","HS",2017,201709,"September 2017",4,0,2,"Exports",124,"Canada",NA,410,"Rep. of Korea",NA,NA,NA,NA,NA,NA,NA,NA,"3915","Waste, parings and scrap, of plastics",0,NA,NA,NA,NA,NA,134947,NA,89118,NA,NA,0
"101","7","HS",2017,201709,"September 2017",4,0,2,"Exports",124,"Canada",NA,792,"Turkey",NA,NA,NA,NA,NA,NA,NA,NA,"3915","Waste, parings and scrap, of plastics",0,NA,NA,NA,NA,NA,45150,NA,18073,NA,NA,0
"102","7","HS",2017,201709,"September 2017",4,0,2,"Exports",124,"Canada",NA,699,"India",NA,NA,NA,NA,NA,NA,NA,NA,"3915","Waste, parings and scrap, of plastics",0,NA,NA,NA,NA,NA,680031,NA,259805,NA,NA,0
"103","9","HS",2017,201709,"September 2017",4,0,2,"Exports",191,"Croatia",NA,0,"World",NA,NA,NA,NA,NA,NA,NA,NA,"3915","Waste, parings and scrap, of plastics",0,NA,NA,NA,NA,NA,NA,NA,458837,NA,NA,0
"104","9","HS",2017,201709,"September 2017",4,0,2,"Exports",191,"Croatia",NA,40,"Austria",NA,NA,NA,NA,NA,NA,NA,NA,"3915","Waste, parings and scrap, of plastics",0,NA,NA,NA,NA,NA,119322,NA,70160,NA,NA,0
"105","9","HS",2017,201709,"September 2017",4,0,2,"Exports",191,"Croatia",NA,56,"Belgium",NA,NA,NA,NA,NA,NA,NA,NA,"3915","Waste, parings and scrap, of plastics",0,NA,NA,NA,NA,NA,12480,NA,5469,NA,NA,0
"106","9","HS",2017,201709,"September 2017",4,0,2,"Exports",191,"Croatia",NA,70,"Bosnia Herzegovina",NA,NA,NA,NA,NA,NA,NA,NA,"3915","Waste, parings and scrap, of plastics",0,NA,NA,NA,NA,NA,6509,NA,5289,NA,NA,0
"107","9","HS",2017,201709,"September 2017",4,0,2,"Exports",191,"Croatia",NA,100,"Bulgaria",NA,NA,NA,NA,NA,NA,NA,NA,"3915","Waste, parings and scrap, of plastics",0,NA,NA,NA,NA,NA,33,NA,3,NA,NA,0
"108","9","HS",2017,201709,"September 2017",4,0,2,"Exports",191,"Croatia",NA,233,"Estonia",NA,NA,NA,NA,NA,NA,NA,NA,"3915","Waste, parings and scrap, of plastics",0,NA,NA,NA,NA,NA,95687,NA,6735,NA,NA,0
"109","9","HS",2017,201709,"September 2017",4,0,2,"Exports",191,"Croatia",NA,276,"Germany",NA,NA,NA,NA,NA,NA,NA,NA,"3915","Waste, parings and scrap, of plastics",0,NA,NA,NA,NA,NA,204403,NA,118974,NA,NA,0
"110","9","HS",2017,201709,"September 2017",4,0,2,"Exports",191,"Croatia",NA,300,"Greece",NA,NA,NA,NA,NA,NA,NA,NA,"3915","Waste, parings and scrap, of plastics",0,NA,NA,NA,NA,NA,NA,NA,1,NA,NA,0
"111","9","HS",2017,201709,"September 2017",4,0,2,"Exports",191,"Croatia",NA,344,"China, Hong Kong SAR",NA,NA,NA,NA,NA,NA,NA,NA,"3915","Waste, parings and scrap, of plastics",0,NA,NA,NA,NA,NA,15863,NA,3485,NA,NA,0
"112","9","HS",2017,201709,"September 2017",4,0,2,"Exports",191,"Croatia",NA,381,"Italy",NA,NA,NA,NA,NA,NA,NA,NA,"3915","Waste, parings and scrap, of plastics",0,NA,NA,NA,NA,NA,48293,NA,23412,NA,NA,0
"113","9","HS",2017,201709,"September 2017",4,0,2,"Exports",191,"Croatia",NA,616,"Poland",NA,NA,NA,NA,NA,NA,NA,NA,"3915","Waste, parings and scrap, of plastics",0,NA,NA,NA,NA,NA,118656,NA,43804,NA,NA,0
"114","9","HS",2017,201709,"September 2017",4,0,2,"Exports",191,"Croatia",NA,688,"Serbia",NA,NA,NA,NA,NA,NA,NA,NA,"3915","Waste, parings and scrap, of plastics",0,NA,NA,NA,NA,NA,248777,NA,46559,NA,NA,0
"115","9","HS",2017,201709,"September 2017",4,0,2,"Exports",191,"Croatia",NA,705,"Slovenia",NA,NA,NA,NA,NA,NA,NA,NA,"3915","Waste, parings and scrap, of plastics",0,NA,NA,NA,NA,NA,562795,NA,131059,NA,NA,0
"116","9","HS",2017,201709,"September 2017",4,0,2,"Exports",191,"Croatia",NA,792,"Turkey",NA,NA,NA,NA,NA,NA,NA,NA,"3915","Waste, parings and scrap, of plastics",0,NA,NA,NA,NA,NA,16560,NA,3887,NA,NA,0
"117","10","HS",2017,201709,"September 2017",4,0,2,"Exports",208,"Denmark",NA,203,"Czech Rep.",NA,NA,NA,NA,NA,NA,NA,NA,"3915","Waste, parings and scrap, of plastics",0,NA,NA,NA,NA,NA,61490,NA,14184,NA,NA,0
"118","10","HS",2017,201709,"September 2017",4,0,2,"Exports",208,"Denmark",NA,233,"Estonia",NA,NA,NA,NA,NA,NA,NA,NA,"3915","Waste, parings and scrap, of plastics",0,NA,NA,NA,NA,NA,121306,NA,11379,NA,NA,0
"119","10","HS",2017,201709,"September 2017",4,0,2,"Exports",208,"Denmark",NA,276,"Germany",NA,NA,NA,NA,NA,NA,NA,NA,"3915","Waste, parings and scrap, of plastics",0,NA,NA,NA,NA,NA,2526410,NA,836961,NA,NA,0
"120","10","HS",2017,201709,"September 2017",4,0,2,"Exports",208,"Denmark",NA,304,"Greenland",NA,NA,NA,NA,NA,NA,NA,NA,"3915","Waste, parings and scrap, of plastics",0,NA,NA,NA,NA,NA,1,NA,24,NA,NA,0
"121","10","HS",2017,201709,"September 2017",4,0,2,"Exports",208,"Denmark",NA,344,"China, Hong Kong SAR",NA,NA,NA,NA,NA,NA,NA,NA,"3915","Waste, parings and scrap, of plastics",0,NA,NA,NA,NA,NA,103945,NA,51539,NA,NA,0
"122","10","HS",2017,201709,"September 2017",4,0,2,"Exports",208,"Denmark",NA,440,"Lithuania",NA,NA,NA,NA,NA,NA,NA,NA,"3915","Waste, parings and scrap, of plastics",0,NA,NA,NA,NA,NA,45924,NA,19271,NA,NA,0
"123","10","HS",2017,201709,"September 2017",4,0,2,"Exports",208,"Denmark",NA,0,"World",NA,NA,NA,NA,NA,NA,NA,NA,"3915","Waste, parings and scrap, of plastics",0,NA,NA,NA,NA,NA,4371768,NA,1479940,NA,NA,0
"124","10","HS",2017,201709,"September 2017",4,0,2,"Exports",208,"Denmark",NA,842,"United States of America",NA,NA,NA,NA,NA,NA,NA,NA,"3915","Waste, parings and scrap, of plastics",0,NA,NA,NA,NA,NA,98392,NA,33638,NA,NA,0
"125","10","HS",2017,201709,"September 2017",4,0,2,"Exports",208,"Denmark",NA,428,"Latvia",NA,NA,NA,NA,NA,NA,NA,NA,"3915","Waste, parings and scrap, of plastics",0,NA,NA,NA,NA,NA,438210,NA,167995,NA,NA,0
"126","10","HS",2017,201709,"September 2017",4,0,2,"Exports",208,"Denmark",NA,724,"Spain",NA,NA,NA,NA,NA,NA,NA,NA,"3915","Waste, parings and scrap, of plastics",0,NA,NA,NA,NA,NA,6600,NA,6624,NA,NA,0
"127","10","HS",2017,201709,"September 2017",4,0,2,"Exports",208,"Denmark",NA,752,"Sweden",NA,NA,NA,NA,NA,NA,NA,NA,"3915","Waste, parings and scrap, of plastics",0,NA,NA,NA,NA,NA,95670,NA,50300,NA,NA,0
"128","10","HS",2017,201709,"September 2017",4,0,2,"Exports",208,"Denmark",NA,458,"Malaysia",NA,NA,NA,NA,NA,NA,NA,NA,"3915","Waste, parings and scrap, of plastics",0,NA,NA,NA,NA,NA,156020,NA,17299,NA,NA,0
"129","10","HS",2017,201709,"September 2017",4,0,2,"Exports",208,"Denmark",NA,579,"Norway",NA,NA,NA,NA,NA,NA,NA,NA,"3915","Waste, parings and scrap, of plastics",0,NA,NA,NA,NA,NA,58066,NA,66177,NA,NA,0
"130","10","HS",2017,201709,"September 2017",4,0,2,"Exports",208,"Denmark",NA,764,"Thailand",NA,NA,NA,NA,NA,NA,NA,NA,"3915","Waste, parings and scrap, of plastics",0,NA,NA,NA,NA,NA,148260,NA,20950,NA,NA,0
"131","10","HS",2017,201709,"September 2017",4,0,2,"Exports",208,"Denmark",NA,484,"Mexico",NA,NA,NA,NA,NA,NA,NA,NA,"3915","Waste, parings and scrap, of plastics",0,NA,NA,NA,NA,NA,25095,NA,18354,NA,NA,0
"132","10","HS",2017,201709,"September 2017",4,0,2,"Exports",208,"Denmark",NA,818,"Egypt",NA,NA,NA,NA,NA,NA,NA,NA,"3915","Waste, parings and scrap, of plastics",0,NA,NA,NA,NA,NA,34410,NA,5069,NA,NA,0
"133","10","HS",2017,201709,"September 2017",4,0,2,"Exports",208,"Denmark",NA,826,"United Kingdom",NA,NA,NA,NA,NA,NA,NA,NA,"3915","Waste, parings and scrap, of plastics",0,NA,NA,NA,NA,NA,38552,NA,4449,NA,NA,0
"134","10","HS",2017,201709,"September 2017",4,0,2,"Exports",208,"Denmark",NA,528,"Netherlands",NA,NA,NA,NA,NA,NA,NA,NA,"3915","Waste, parings and scrap, of plastics",0,NA,NA,NA,NA,NA,362573,NA,117954,NA,NA,0
"135","10","HS",2017,201709,"September 2017",4,0,2,"Exports",208,"Denmark",NA,757,"Switzerland",NA,NA,NA,NA,NA,NA,NA,NA,"3915","Waste, parings and scrap, of plastics",0,NA,NA,NA,NA,NA,26320,NA,34959,NA,NA,0
"136","10","HS",2017,201709,"September 2017",4,0,2,"Exports",208,"Denmark",NA,616,"Poland",NA,NA,NA,NA,NA,NA,NA,NA,"3915","Waste, parings and scrap, of plastics",0,NA,NA,NA,NA,NA,24524,NA,2813,NA,NA,0
"137","11","HS",2017,201709,"September 2017",4,0,2,"Exports",222,"El Salvador",NA,0,"World",NA,NA,NA,NA,NA,NA,NA,NA,"3915","Waste, parings and scrap, of plastics",0,NA,NA,NA,NA,NA,732666,NA,304388,NA,NA,0
"138","11","HS",2017,201709,"September 2017",4,0,2,"Exports",222,"El Salvador",NA,320,"Guatemala",NA,NA,NA,NA,NA,NA,NA,NA,"3915","Waste, parings and scrap, of plastics",0,NA,NA,NA,NA,NA,126795,NA,3373,NA,NA,0
"139","11","HS",2017,201709,"September 2017",4,0,2,"Exports",222,"El Salvador",NA,340,"Honduras",NA,NA,NA,NA,NA,NA,NA,NA,"3915","Waste, parings and scrap, of plastics",0,NA,NA,NA,NA,NA,583971,NA,281193,NA,NA,0
"140","11","HS",2017,201709,"September 2017",4,0,2,"Exports",222,"El Salvador",NA,344,"China, Hong Kong SAR",NA,NA,NA,NA,NA,NA,NA,NA,"3915","Waste, parings and scrap, of plastics",0,NA,NA,NA,NA,NA,21832,NA,19814,NA,NA,0
"141","11","HS",2017,201709,"September 2017",4,0,2,"Exports",222,"El Salvador",NA,558,"Nicaragua",NA,NA,NA,NA,NA,NA,NA,NA,"3915","Waste, parings and scrap, of plastics",0,NA,NA,NA,NA,NA,68,NA,8,NA,NA,0
"142","12","HS",2017,201709,"September 2017",4,0,2,"Exports",246,"Finland",NA,826,"United Kingdom",NA,NA,NA,NA,NA,NA,NA,NA,"3915","Waste, parings and scrap, of plastics",0,NA,NA,NA,NA,NA,NA,NA,7915,NA,NA,0
"143","12","HS",2017,201709,"September 2017",4,0,2,"Exports",246,"Finland",NA,0,"World",NA,NA,NA,NA,NA,NA,NA,NA,"3915","Waste, parings and scrap, of plastics",0,NA,NA,NA,NA,NA,NA,NA,499515,NA,NA,0
"144","12","HS",2017,201709,"September 2017",4,0,2,"Exports",246,"Finland",NA,579,"Norway",NA,NA,NA,NA,NA,NA,NA,NA,"3915","Waste, parings and scrap, of plastics",0,NA,NA,NA,NA,NA,12,NA,14,NA,NA,0
"145","12","HS",2017,201709,"September 2017",4,0,2,"Exports",246,"Finland",NA,156,"China",NA,NA,NA,NA,NA,NA,NA,NA,"3915","Waste, parings and scrap, of plastics",0,NA,NA,NA,NA,NA,131197,NA,39663,NA,NA,0
"146","12","HS",2017,201709,"September 2017",4,0,2,"Exports",246,"Finland",NA,688,"Serbia",NA,NA,NA,NA,NA,NA,NA,NA,"3915","Waste, parings and scrap, of plastics",0,NA,NA,NA,NA,NA,93,NA,12,NA,NA,0
"147","12","HS",2017,201709,"September 2017",4,0,2,"Exports",246,"Finland",NA,554,"New Zealand",NA,NA,NA,NA,NA,NA,NA,NA,"3915","Waste, parings and scrap, of plastics",0,NA,NA,NA,NA,NA,41877,NA,9048,NA,NA,0
"148","12","HS",2017,201709,"September 2017",4,0,2,"Exports",246,"Finland",NA,233,"Estonia",NA,NA,NA,NA,NA,NA,NA,NA,"3915","Waste, parings and scrap, of plastics",0,NA,NA,NA,NA,NA,39103,NA,12121,NA,NA,0
"149","12","HS",2017,201709,"September 2017",4,0,2,"Exports",246,"Finland",NA,276,"Germany",NA,NA,NA,NA,NA,NA,NA,NA,"3915","Waste, parings and scrap, of plastics",0,NA,NA,NA,NA,NA,312280,NA,86238,NA,NA,0
"150","12","HS",2017,201709,"September 2017",4,0,2,"Exports",246,"Finland",NA,616,"Poland",NA,NA,NA,NA,NA,NA,NA,NA,"3915","Waste, parings and scrap, of plastics",0,NA,NA,NA,NA,NA,34930,NA,11825,NA,NA,0
"151","12","HS",2017,201709,"September 2017",4,0,2,"Exports",246,"Finland",NA,458,"Malaysia",NA,NA,NA,NA,NA,NA,NA,NA,"3915","Waste, parings and scrap, of plastics",0,NA,NA,NA,NA,NA,119740,NA,19273,NA,NA,0
"152","12","HS",2017,201709,"September 2017",4,0,2,"Exports",246,"Finland",NA,36,"Australia",NA,NA,NA,NA,NA,NA,NA,NA,"3915","Waste, parings and scrap, of plastics",0,NA,NA,NA,NA,NA,20345,NA,4757,NA,NA,0
"153","12","HS",2017,201709,"September 2017",4,0,2,"Exports",246,"Finland",NA,208,"Denmark",NA,NA,NA,NA,NA,NA,NA,NA,"3915","Waste, parings and scrap, of plastics",0,NA,NA,NA,NA,NA,14570,NA,12672,NA,NA,0
"154","12","HS",2017,201709,"September 2017",4,0,2,"Exports",246,"Finland",NA,752,"Sweden",NA,NA,NA,NA,NA,NA,NA,NA,"3915","Waste, parings and scrap, of plastics",0,NA,NA,NA,NA,NA,193978,NA,57002,NA,NA,0
"155","12","HS",2017,201709,"September 2017",4,0,2,"Exports",246,"Finland",NA,428,"Latvia",NA,NA,NA,NA,NA,NA,NA,NA,"3915","Waste, parings and scrap, of plastics",0,NA,NA,NA,NA,NA,827564,NA,204702,NA,NA,0
"156","12","HS",2017,201709,"September 2017",4,0,2,"Exports",246,"Finland",NA,344,"China, Hong Kong SAR",NA,NA,NA,NA,NA,NA,NA,NA,"3915","Waste, parings and scrap, of plastics",0,NA,NA,NA,NA,NA,589120,NA,34272,NA,NA,0
"157","13","HS",2017,201709,"September 2017",4,0,2,"Exports",268,"Georgia",NA,792,"Turkey",NA,NA,NA,NA,NA,NA,NA,NA,"3915","Waste, parings and scrap, of plastics",0,NA,NA,NA,NA,NA,94205,NA,35231,NA,NA,0
"158","13","HS",2017,201709,"September 2017",4,0,2,"Exports",268,"Georgia",NA,804,"Ukraine",NA,NA,NA,NA,NA,NA,NA,NA,"3915","Waste, parings and scrap, of plastics",0,NA,NA,NA,NA,NA,18360,NA,5233,NA,NA,0
"159","13","HS",2017,201709,"September 2017",4,0,2,"Exports",268,"Georgia",NA,31,"Azerbaijan",NA,NA,NA,NA,NA,NA,NA,NA,"3915","Waste, parings and scrap, of plastics",0,NA,NA,NA,NA,NA,29730,NA,8324,NA,NA,0
"160","13","HS",2017,201709,"September 2017",4,0,2,"Exports",268,"Georgia",NA,0,"World",NA,NA,NA,NA,NA,NA,NA,NA,"3915","Waste, parings and scrap, of plastics",0,NA,NA,NA,NA,NA,142295,NA,48788,NA,NA,0
"161","14","HS",2017,201709,"September 2017",4,0,2,"Exports",300,"Greece",NA,0,"World",NA,NA,NA,NA,NA,NA,NA,NA,"3915","Waste, parings and scrap, of plastics",0,NA,NA,NA,NA,NA,4637428,NA,1337181,NA,NA,0
"162","14","HS",2017,201709,"September 2017",4,0,2,"Exports",300,"Greece",NA,8,"Albania",NA,NA,NA,NA,NA,NA,NA,NA,"3915","Waste, parings and scrap, of plastics",0,NA,NA,NA,NA,NA,8890,NA,8295,NA,NA,0
"163","14","HS",2017,201709,"September 2017",4,0,2,"Exports",300,"Greece",NA,40,"Austria",NA,NA,NA,NA,NA,NA,NA,NA,"3915","Waste, parings and scrap, of plastics",0,NA,NA,NA,NA,NA,210490,NA,78601,NA,NA,0
"164","14","HS",2017,201709,"September 2017",4,0,2,"Exports",300,"Greece",NA,100,"Bulgaria",NA,NA,NA,NA,NA,NA,NA,NA,"3915","Waste, parings and scrap, of plastics",0,NA,NA,NA,NA,NA,1387562,NA,504196,NA,NA,0
"165","14","HS",2017,201709,"September 2017",4,0,2,"Exports",300,"Greece",NA,276,"Germany",NA,NA,NA,NA,NA,NA,NA,NA,"3915","Waste, parings and scrap, of plastics",0,NA,NA,NA,NA,NA,89640,NA,34345,NA,NA,0
"166","14","HS",2017,201709,"September 2017",4,0,2,"Exports",300,"Greece",NA,372,"Ireland",NA,NA,NA,NA,NA,NA,NA,NA,"3915","Waste, parings and scrap, of plastics",0,NA,NA,NA,NA,NA,10860,NA,3879,NA,NA,0
"167","14","HS",2017,201709,"September 2017",4,0,2,"Exports",300,"Greece",NA,381,"Italy",NA,NA,NA,NA,NA,NA,NA,NA,"3915","Waste, parings and scrap, of plastics",0,NA,NA,NA,NA,NA,72784,NA,53475,NA,NA,0
"168","14","HS",2017,201709,"September 2017",4,0,2,"Exports",300,"Greece",NA,458,"Malaysia",NA,NA,NA,NA,NA,NA,NA,NA,"3915","Waste, parings and scrap, of plastics",0,NA,NA,NA,NA,NA,64408,NA,9585,NA,NA,0
"169","14","HS",2017,201709,"September 2017",4,0,2,"Exports",300,"Greece",NA,490,"Other Asia, nes",NA,NA,NA,NA,NA,NA,NA,NA,"3915","Waste, parings and scrap, of plastics",0,NA,NA,NA,NA,NA,16940,NA,9988,NA,NA,0
"170","14","HS",2017,201709,"September 2017",4,0,2,"Exports",300,"Greece",NA,528,"Netherlands",NA,NA,NA,NA,NA,NA,NA,NA,"3915","Waste, parings and scrap, of plastics",0,NA,NA,NA,NA,NA,1414550,NA,227523,NA,NA,0
"171","14","HS",2017,201709,"September 2017",4,0,2,"Exports",300,"Greece",NA,586,"Pakistan",NA,NA,NA,NA,NA,NA,NA,NA,"3915","Waste, parings and scrap, of plastics",0,NA,NA,NA,NA,NA,24830,NA,4686,NA,NA,0
"172","14","HS",2017,201709,"September 2017",4,0,2,"Exports",300,"Greece",NA,616,"Poland",NA,NA,NA,NA,NA,NA,NA,NA,"3915","Waste, parings and scrap, of plastics",0,NA,NA,NA,NA,NA,14260,NA,4244,NA,NA,0
"173","14","HS",2017,201709,"September 2017",4,0,2,"Exports",300,"Greece",NA,642,"Romania",NA,NA,NA,NA,NA,NA,NA,NA,"3915","Waste, parings and scrap, of plastics",0,NA,NA,NA,NA,NA,487766,NA,200907,NA,NA,0
"174","14","HS",2017,201709,"September 2017",4,0,2,"Exports",300,"Greece",NA,704,"Viet Nam",NA,NA,NA,NA,NA,NA,NA,NA,"3915","Waste, parings and scrap, of plastics",0,NA,NA,NA,NA,NA,44800,NA,4267,NA,NA,0
"175","14","HS",2017,201709,"September 2017",4,0,2,"Exports",300,"Greece",NA,792,"Turkey",NA,NA,NA,NA,NA,NA,NA,NA,"3915","Waste, parings and scrap, of plastics",0,NA,NA,NA,NA,NA,789648,NA,193190,NA,NA,0
"176","15","HS",2017,201709,"September 2017",4,0,2,"Exports",352,"Iceland",NA,579,"Norway",NA,NA,NA,NA,NA,NA,NA,NA,"3915","Waste, parings and scrap, of plastics",0,NA,NA,NA,NA,NA,14436,NA,1721,NA,NA,0
"177","15","HS",2017,201709,"September 2017",4,0,2,"Exports",352,"Iceland",NA,276,"Germany",NA,NA,NA,NA,NA,NA,NA,NA,"3915","Waste, parings and scrap, of plastics",0,NA,NA,NA,NA,NA,17960,NA,5827,NA,NA,0
"178","15","HS",2017,201709,"September 2017",4,0,2,"Exports",352,"Iceland",NA,826,"United Kingdom",NA,NA,NA,NA,NA,NA,NA,NA,"3915","Waste, parings and scrap, of plastics",0,NA,NA,NA,NA,NA,39783,NA,4505,NA,NA,0
"179","15","HS",2017,201709,"September 2017",4,0,2,"Exports",352,"Iceland",NA,528,"Netherlands",NA,NA,NA,NA,NA,NA,NA,NA,"3915","Waste, parings and scrap, of plastics",0,NA,NA,NA,NA,NA,245420,NA,59737,NA,NA,0
"180","15","HS",2017,201709,"September 2017",4,0,2,"Exports",352,"Iceland",NA,752,"Sweden",NA,NA,NA,NA,NA,NA,NA,NA,"3915","Waste, parings and scrap, of plastics",0,NA,NA,NA,NA,NA,129150,NA,11980,NA,NA,0
"181","15","HS",2017,201709,"September 2017",4,0,2,"Exports",352,"Iceland",NA,0,"World",NA,NA,NA,NA,NA,NA,NA,NA,"3915","Waste, parings and scrap, of plastics",0,NA,NA,NA,NA,NA,446749,NA,83770,NA,NA,0
"182","16","HS",2017,201709,"September 2017",4,0,2,"Exports",360,"Indonesia",NA,626,"Timor-Leste",NA,NA,NA,NA,NA,NA,NA,NA,"3915","Waste, parings and scrap, of plastics",0,NA,NA,NA,NA,NA,81,NA,30,NA,NA,0
"183","16","HS",2017,201709,"September 2017",4,0,2,"Exports",360,"Indonesia",NA,381,"Italy",NA,NA,NA,NA,NA,NA,NA,NA,"3915","Waste, parings and scrap, of plastics",0,NA,NA,NA,NA,NA,29228,NA,10800,NA,NA,0
"184","16","HS",2017,201709,"September 2017",4,0,2,"Exports",360,"Indonesia",NA,598,"Papua New Guinea",NA,NA,NA,NA,NA,NA,NA,NA,"3915","Waste, parings and scrap, of plastics",0,NA,NA,NA,NA,NA,23,NA,9,NA,NA,0
"185","16","HS",2017,201709,"September 2017",4,0,2,"Exports",360,"Indonesia",NA,704,"Viet Nam",NA,NA,NA,NA,NA,NA,NA,NA,"3915","Waste, parings and scrap, of plastics",0,NA,NA,NA,NA,NA,44856,NA,16575,NA,NA,0
"186","16","HS",2017,201709,"September 2017",4,0,2,"Exports",360,"Indonesia",NA,344,"China, Hong Kong SAR",NA,NA,NA,NA,NA,NA,NA,NA,"3915","Waste, parings and scrap, of plastics",0,NA,NA,NA,NA,NA,311916,NA,115740,NA,NA,0
"187","16","HS",2017,201709,"September 2017",4,0,2,"Exports",360,"Indonesia",NA,392,"Japan",NA,NA,NA,NA,NA,NA,NA,NA,"3915","Waste, parings and scrap, of plastics",0,NA,NA,NA,NA,NA,2830,NA,1052,NA,NA,0
"188","16","HS",2017,201709,"September 2017",4,0,2,"Exports",360,"Indonesia",NA,410,"Rep. of Korea",NA,NA,NA,NA,NA,NA,NA,NA,"3915","Waste, parings and scrap, of plastics",0,NA,NA,NA,NA,NA,241541,NA,89780,NA,NA,0
"189","16","HS",2017,201709,"September 2017",4,0,2,"Exports",360,"Indonesia",NA,702,"Singapore",NA,NA,NA,NA,NA,NA,NA,NA,"3915","Waste, parings and scrap, of plastics",0,NA,NA,NA,NA,NA,32045,NA,11912,NA,NA,0
"190","16","HS",2017,201709,"September 2017",4,0,2,"Exports",360,"Indonesia",NA,764,"Thailand",NA,NA,NA,NA,NA,NA,NA,NA,"3915","Waste, parings and scrap, of plastics",0,NA,NA,NA,NA,NA,9479,NA,3524,NA,NA,0
"191","16","HS",2017,201709,"September 2017",4,0,2,"Exports",360,"Indonesia",NA,36,"Australia",NA,NA,NA,NA,NA,NA,NA,NA,"3915","Waste, parings and scrap, of plastics",0,NA,NA,NA,NA,NA,11589,NA,4308,NA,NA,0
"192","16","HS",2017,201709,"September 2017",4,0,2,"Exports",360,"Indonesia",NA,608,"Philippines",NA,NA,NA,NA,NA,NA,NA,NA,"3915","Waste, parings and scrap, of plastics",0,NA,NA,NA,NA,NA,5,NA,2,NA,NA,0
"193","16","HS",2017,201709,"September 2017",4,0,2,"Exports",360,"Indonesia",NA,458,"Malaysia",NA,NA,NA,NA,NA,NA,NA,NA,"3915","Waste, parings and scrap, of plastics",0,NA,NA,NA,NA,NA,201954,NA,74655,NA,NA,0
"194","16","HS",2017,201709,"September 2017",4,0,2,"Exports",360,"Indonesia",NA,0,"World",NA,NA,NA,NA,NA,NA,NA,NA,"3915","Waste, parings and scrap, of plastics",0,NA,NA,NA,NA,NA,12506262,NA,4640671,NA,NA,0
"195","16","HS",2017,201709,"September 2017",4,0,2,"Exports",360,"Indonesia",NA,842,"United States of America",NA,NA,NA,NA,NA,NA,NA,NA,"3915","Waste, parings and scrap, of plastics",0,NA,NA,NA,NA,NA,603971,NA,224100,NA,NA,0
"196","16","HS",2017,201709,"September 2017",4,0,2,"Exports",360,"Indonesia",NA,490,"Other Asia, nes",NA,NA,NA,NA,NA,NA,NA,NA,"3915","Waste, parings and scrap, of plastics",0,NA,NA,NA,NA,NA,23214,NA,10167,NA,NA,0
"197","16","HS",2017,201709,"September 2017",4,0,2,"Exports",360,"Indonesia",NA,699,"India",NA,NA,NA,NA,NA,NA,NA,NA,"3915","Waste, parings and scrap, of plastics",0,NA,NA,NA,NA,NA,190658,NA,70874,NA,NA,0
"198","16","HS",2017,201709,"September 2017",4,0,2,"Exports",360,"Indonesia",NA,156,"China",NA,NA,NA,NA,NA,NA,NA,NA,"3915","Waste, parings and scrap, of plastics",0,NA,NA,NA,NA,NA,10802871,NA,4007144,NA,NA,0
"199","16","HS",2017,201709,"September 2017",4,0,2,"Exports",372,"Ireland",NA,757,"Switzerland",NA,NA,NA,NA,NA,NA,NA,NA,"3915","Waste, parings and scrap, of plastics",0,NA,NA,NA,NA,NA,NA,NA,9887,NA,NA,0
"200","16","HS",2017,201709,"September 2017",4,0,2,"Exports",372,"Ireland",NA,704,"Viet Nam",NA,NA,NA,NA,NA,NA,NA,NA,"3915","Waste, parings and scrap, of plastics",0,NA,NA,NA,NA,NA,94781,NA,19535,NA,NA,0
"201","16","HS",2017,201709,"September 2017",4,0,2,"Exports",372,"Ireland",NA,826,"United Kingdom",NA,NA,NA,NA,NA,NA,NA,NA,"3915","Waste, parings and scrap, of plastics",0,NA,NA,NA,NA,NA,1474470,NA,575056,NA,NA,0
"202","16","HS",2017,201709,"September 2017",4,0,2,"Exports",372,"Ireland",NA,842,"United States of America",NA,NA,NA,NA,NA,NA,NA,NA,"3915","Waste, parings and scrap, of plastics",0,NA,NA,NA,NA,NA,94,NA,5329,NA,NA,0
"203","16","HS",2017,201709,"September 2017",4,0,2,"Exports",372,"Ireland",NA,899,"Areas, nes",NA,NA,NA,NA,NA,NA,NA,NA,"3915","Waste, parings and scrap, of plastics",0,NA,NA,NA,NA,NA,744473,NA,102508,NA,NA,0
"204","16","HS",2017,201709,"September 2017",4,0,2,"Exports",372,"Ireland",NA,586,"Pakistan",NA,NA,NA,NA,NA,NA,NA,NA,"3915","Waste, parings and scrap, of plastics",0,NA,NA,NA,NA,NA,22280,NA,2881,NA,NA,0
"205","16","HS",2017,201709,"September 2017",4,0,2,"Exports",372,"Ireland",NA,156,"China",NA,NA,NA,NA,NA,NA,NA,NA,"3915","Waste, parings and scrap, of plastics",0,NA,NA,NA,NA,NA,291064,NA,39603,NA,NA,0
"206","16","HS",2017,201709,"September 2017",4,0,2,"Exports",372,"Ireland",NA,276,"Germany",NA,NA,NA,NA,NA,NA,NA,NA,"3915","Waste, parings and scrap, of plastics",0,NA,NA,NA,NA,NA,134500,NA,60360,NA,NA,0
"207","16","HS",2017,201709,"September 2017",4,0,2,"Exports",372,"Ireland",NA,616,"Poland",NA,NA,NA,NA,NA,NA,NA,NA,"3915","Waste, parings and scrap, of plastics",0,NA,NA,NA,NA,NA,30109,NA,22925,NA,NA,0
"208","16","HS",2017,201709,"September 2017",4,0,2,"Exports",372,"Ireland",NA,410,"Rep. of Korea",NA,NA,NA,NA,NA,NA,NA,NA,"3915","Waste, parings and scrap, of plastics",0,NA,NA,NA,NA,NA,19270,NA,17859,NA,NA,0
"209","16","HS",2017,201709,"September 2017",4,0,2,"Exports",372,"Ireland",NA,344,"China, Hong Kong SAR",NA,NA,NA,NA,NA,NA,NA,NA,"3915","Waste, parings and scrap, of plastics",0,NA,NA,NA,NA,NA,64180,NA,28912,NA,NA,0
"210","16","HS",2017,201709,"September 2017",4,0,2,"Exports",372,"Ireland",NA,528,"Netherlands",NA,NA,NA,NA,NA,NA,NA,NA,"3915","Waste, parings and scrap, of plastics",0,NA,NA,NA,NA,NA,265330,NA,138060,NA,NA,0
"211","16","HS",2017,201709,"September 2017",4,0,2,"Exports",372,"Ireland",NA,376,"Israel",NA,NA,NA,NA,NA,NA,NA,NA,"3915","Waste, parings and scrap, of plastics",0,NA,NA,NA,NA,NA,NA,NA,8221,NA,NA,0
"212","16","HS",2017,201709,"September 2017",4,0,2,"Exports",372,"Ireland",NA,490,"Other Asia, nes",NA,NA,NA,NA,NA,NA,NA,NA,"3915","Waste, parings and scrap, of plastics",0,NA,NA,NA,NA,NA,83500,NA,14515,NA,NA,0
"213","16","HS",2017,201709,"September 2017",4,0,2,"Exports",372,"Ireland",NA,792,"Turkey",NA,NA,NA,NA,NA,NA,NA,NA,"3915","Waste, parings and scrap, of plastics",0,NA,NA,NA,NA,NA,136600,NA,38316,NA,NA,0
"214","16","HS",2017,201709,"September 2017",4,0,2,"Exports",372,"Ireland",NA,458,"Malaysia",NA,NA,NA,NA,NA,NA,NA,NA,"3915","Waste, parings and scrap, of plastics",0,NA,NA,NA,NA,NA,354080,NA,24985,NA,NA,0
"215","16","HS",2017,201709,"September 2017",4,0,2,"Exports",372,"Ireland",NA,724,"Spain",NA,NA,NA,NA,NA,NA,NA,NA,"3915","Waste, parings and scrap, of plastics",0,NA,NA,NA,NA,NA,126360,NA,10500,NA,NA,0
"216","16","HS",2017,201709,"September 2017",4,0,2,"Exports",372,"Ireland",NA,56,"Belgium",NA,NA,NA,NA,NA,NA,NA,NA,"3915","Waste, parings and scrap, of plastics",0,NA,NA,NA,NA,NA,244800,NA,71998,NA,NA,0
"217","16","HS",2017,201709,"September 2017",4,0,2,"Exports",372,"Ireland",NA,0,"World",NA,NA,NA,NA,NA,NA,NA,NA,"3915","Waste, parings and scrap, of plastics",0,NA,NA,NA,NA,NA,NA,NA,1191449,NA,NA,0
"218","16","HS",2017,201709,"September 2017",4,0,2,"Exports",699,"India",NA,524,"Nepal",NA,NA,NA,NA,NA,NA,NA,NA,"3915","Waste, parings and scrap, of plastics",0,NA,NA,NA,NA,NA,22500,NA,48138,NA,NA,0
"219","16","HS",2017,201709,"September 2017",4,0,2,"Exports",699,"India",NA,842,"United States of America",NA,NA,NA,NA,NA,NA,NA,NA,"3915","Waste, parings and scrap, of plastics",0,NA,NA,NA,NA,NA,34000,NA,52489,NA,NA,0
"220","16","HS",2017,201709,"September 2017",4,0,2,"Exports",699,"India",NA,64,"Bhutan",NA,NA,NA,NA,NA,NA,NA,NA,"3915","Waste, parings and scrap, of plastics",0,NA,NA,NA,NA,NA,11400,NA,25833,NA,NA,0
"221","16","HS",2017,201709,"September 2017",4,0,2,"Exports",699,"India",NA,108,"Burundi",NA,NA,NA,NA,NA,NA,NA,NA,"3915","Waste, parings and scrap, of plastics",0,NA,NA,NA,NA,NA,5,NA,16,NA,NA,0
"222","16","HS",2017,201709,"September 2017",4,0,2,"Exports",699,"India",NA,144,"Sri Lanka",NA,NA,NA,NA,NA,NA,NA,NA,"3915","Waste, parings and scrap, of plastics",0,NA,NA,NA,NA,NA,457,NA,1728,NA,NA,0
"223","16","HS",2017,201709,"September 2017",4,0,2,"Exports",699,"India",NA,218,"Ecuador",NA,NA,NA,NA,NA,NA,NA,NA,"3915","Waste, parings and scrap, of plastics",0,NA,NA,NA,NA,NA,28,NA,60,NA,NA,0
"224","16","HS",2017,201709,"September 2017",4,0,2,"Exports",699,"India",NA,320,"Guatemala",NA,NA,NA,NA,NA,NA,NA,NA,"3915","Waste, parings and scrap, of plastics",0,NA,NA,NA,NA,NA,28,NA,60,NA,NA,0
"225","16","HS",2017,201709,"September 2017",4,0,2,"Exports",699,"India",NA,344,"China, Hong Kong SAR",NA,NA,NA,NA,NA,NA,NA,NA,"3915","Waste, parings and scrap, of plastics",0,NA,NA,NA,NA,NA,26000,NA,15296,NA,NA,0
"226","16","HS",2017,201709,"September 2017",4,0,2,"Exports",699,"India",NA,381,"Italy",NA,NA,NA,NA,NA,NA,NA,NA,"3915","Waste, parings and scrap, of plastics",0,NA,NA,NA,NA,NA,9000,NA,29234,NA,NA,0
"227","16","HS",2017,201709,"September 2017",4,0,2,"Exports",699,"India",NA,450,"Madagascar",NA,NA,NA,NA,NA,NA,NA,NA,"3915","Waste, parings and scrap, of plastics",0,NA,NA,NA,NA,NA,9,NA,28,NA,NA,0
"228","16","HS",2017,201709,"September 2017",4,0,2,"Exports",699,"India",NA,458,"Malaysia",NA,NA,NA,NA,NA,NA,NA,NA,"3915","Waste, parings and scrap, of plastics",0,NA,NA,NA,NA,NA,14000,NA,1354,NA,NA,0
"229","16","HS",2017,201709,"September 2017",4,0,2,"Exports",699,"India",NA,604,"Peru",NA,NA,NA,NA,NA,NA,NA,NA,"3915","Waste, parings and scrap, of plastics",0,NA,NA,NA,NA,NA,7,NA,15,NA,NA,0
"230","16","HS",2017,201709,"September 2017",4,0,2,"Exports",699,"India",NA,0,"World",NA,NA,NA,NA,NA,NA,NA,NA,"3915","Waste, parings and scrap, of plastics",0,NA,NA,NA,NA,NA,144524,NA,176990,NA,NA,0
"231","16","HS",2017,201709,"September 2017",4,0,2,"Exports",699,"India",NA,764,"Thailand",NA,NA,NA,NA,NA,NA,NA,NA,"3915","Waste, parings and scrap, of plastics",0,NA,NA,NA,NA,NA,27000,NA,2480,NA,NA,0
"232","16","HS",2017,201709,"September 2017",4,0,2,"Exports",699,"India",NA,784,"United Arab Emirates",NA,NA,NA,NA,NA,NA,NA,NA,"3915","Waste, parings and scrap, of plastics",0,NA,NA,NA,NA,NA,90,NA,259,NA,NA,0
"233","17","HS",2017,201709,"September 2017",4,0,2,"Exports",398,"Kazakhstan",NA,860,"Uzbekistan",NA,NA,NA,NA,NA,NA,NA,NA,"3915","Waste, parings and scrap, of plastics",0,NA,NA,NA,NA,NA,366460,NA,54969,NA,NA,0
"234","17","HS",2017,201709,"September 2017",4,0,2,"Exports",398,"Kazakhstan",NA,0,"World",NA,NA,NA,NA,NA,NA,NA,NA,"3915","Waste, parings and scrap, of plastics",0,NA,NA,NA,NA,NA,366460,NA,54969,NA,NA,0
"235","17","HS",2017,201709,"September 2017",4,0,2,"Exports",392,"Japan",NA,0,"World",NA,NA,NA,NA,NA,NA,NA,NA,"3915","Waste, parings and scrap, of plastics",0,NA,NA,NA,NA,NA,107947568,NA,41015387,NA,NA,0
"236","17","HS",2017,201709,"September 2017",4,0,2,"Exports",392,"Japan",NA,36,"Australia",NA,NA,NA,NA,NA,NA,NA,NA,"3915","Waste, parings and scrap, of plastics",0,NA,NA,NA,NA,NA,22527,NA,8734,NA,NA,0
"237","17","HS",2017,201709,"September 2017",4,0,2,"Exports",392,"Japan",NA,156,"China",NA,NA,NA,NA,NA,NA,NA,NA,"3915","Waste, parings and scrap, of plastics",0,NA,NA,NA,NA,NA,52869126,NA,21363055,NA,NA,0
"238","17","HS",2017,201709,"September 2017",4,0,2,"Exports",392,"Japan",NA,203,"Czech Rep.",NA,NA,NA,NA,NA,NA,NA,NA,"3915","Waste, parings and scrap, of plastics",0,NA,NA,NA,NA,NA,26989,NA,32271,NA,NA,0
"239","17","HS",2017,201709,"September 2017",4,0,2,"Exports",392,"Japan",NA,344,"China, Hong Kong SAR",NA,NA,NA,NA,NA,NA,NA,NA,"3915","Waste, parings and scrap, of plastics",0,NA,NA,NA,NA,NA,14043317,NA,6423902,NA,NA,0
"240","17","HS",2017,201709,"September 2017",4,0,2,"Exports",392,"Japan",NA,360,"Indonesia",NA,NA,NA,NA,NA,NA,NA,NA,"3915","Waste, parings and scrap, of plastics",0,NA,NA,NA,NA,NA,291192,NA,107896,NA,NA,0
"241","17","HS",2017,201709,"September 2017",4,0,2,"Exports",392,"Japan",NA,381,"Italy",NA,NA,NA,NA,NA,NA,NA,NA,"3915","Waste, parings and scrap, of plastics",0,NA,NA,NA,NA,NA,20000,NA,60632,NA,NA,0
"242","17","HS",2017,201709,"September 2017",4,0,2,"Exports",392,"Japan",NA,410,"Rep. of Korea",NA,NA,NA,NA,NA,NA,NA,NA,"3915","Waste, parings and scrap, of plastics",0,NA,NA,NA,NA,NA,2695943,NA,995904,NA,NA,0
"243","17","HS",2017,201709,"September 2017",4,0,2,"Exports",392,"Japan",NA,418,"Lao People's Dem. Rep.",NA,NA,NA,NA,NA,NA,NA,NA,"3915","Waste, parings and scrap, of plastics",0,NA,NA,NA,NA,NA,71260,NA,21225,NA,NA,0
"244","17","HS",2017,201709,"September 2017",4,0,2,"Exports",392,"Japan",NA,446,"China, Macao SAR",NA,NA,NA,NA,NA,NA,NA,NA,"3915","Waste, parings and scrap, of plastics",0,NA,NA,NA,NA,NA,75536,NA,54047,NA,NA,0
"245","17","HS",2017,201709,"September 2017",4,0,2,"Exports",392,"Japan",NA,458,"Malaysia",NA,NA,NA,NA,NA,NA,NA,NA,"3915","Waste, parings and scrap, of plastics",0,NA,NA,NA,NA,NA,6615050,NA,1749769,NA,NA,0
"246","17","HS",2017,201709,"September 2017",4,0,2,"Exports",392,"Japan",NA,490,"Other Asia, nes",NA,NA,NA,NA,NA,NA,NA,NA,"3915","Waste, parings and scrap, of plastics",0,NA,NA,NA,NA,NA,9517512,NA,3085828,NA,NA,0
"247","17","HS",2017,201709,"September 2017",4,0,2,"Exports",392,"Japan",NA,566,"Nigeria",NA,NA,NA,NA,NA,NA,NA,NA,"3915","Waste, parings and scrap, of plastics",0,NA,NA,NA,NA,NA,51007,NA,34276,NA,NA,0
"248","17","HS",2017,201709,"September 2017",4,0,2,"Exports",392,"Japan",NA,608,"Philippines",NA,NA,NA,NA,NA,NA,NA,NA,"3915","Waste, parings and scrap, of plastics",0,NA,NA,NA,NA,NA,129982,NA,70621,NA,NA,0
"249","17","HS",2017,201709,"September 2017",4,0,2,"Exports",392,"Japan",NA,643,"Russian Federation",NA,NA,NA,NA,NA,NA,NA,NA,"3915","Waste, parings and scrap, of plastics",0,NA,NA,NA,NA,NA,23840,NA,13611,NA,NA,0
"250","17","HS",2017,201709,"September 2017",4,0,2,"Exports",392,"Japan",NA,682,"Saudi Arabia",NA,NA,NA,NA,NA,NA,NA,NA,"3915","Waste, parings and scrap, of plastics",0,NA,NA,NA,NA,NA,66981,NA,6629,NA,NA,0
"251","17","HS",2017,201709,"September 2017",4,0,2,"Exports",392,"Japan",NA,699,"India",NA,NA,NA,NA,NA,NA,NA,NA,"3915","Waste, parings and scrap, of plastics",0,NA,NA,NA,NA,NA,978685,NA,397065,NA,NA,0
"252","17","HS",2017,201709,"September 2017",4,0,2,"Exports",392,"Japan",NA,702,"Singapore",NA,NA,NA,NA,NA,NA,NA,NA,"3915","Waste, parings and scrap, of plastics",0,NA,NA,NA,NA,NA,145000,NA,33355,NA,NA,0
"253","17","HS",2017,201709,"September 2017",4,0,2,"Exports",392,"Japan",NA,704,"Viet Nam",NA,NA,NA,NA,NA,NA,NA,NA,"3915","Waste, parings and scrap, of plastics",0,NA,NA,NA,NA,NA,14102978,NA,4468627,NA,NA,0
"254","17","HS",2017,201709,"September 2017",4,0,2,"Exports",392,"Japan",NA,710,"South Africa",NA,NA,NA,NA,NA,NA,NA,NA,"3915","Waste, parings and scrap, of plastics",0,NA,NA,NA,NA,NA,45945,NA,24287,NA,NA,0
"255","17","HS",2017,201709,"September 2017",4,0,2,"Exports",392,"Japan",NA,724,"Spain",NA,NA,NA,NA,NA,NA,NA,NA,"3915","Waste, parings and scrap, of plastics",0,NA,NA,NA,NA,NA,161261,NA,100201,NA,NA,0
"256","17","HS",2017,201709,"September 2017",4,0,2,"Exports",392,"Japan",NA,764,"Thailand",NA,NA,NA,NA,NA,NA,NA,NA,"3915","Waste, parings and scrap, of plastics",0,NA,NA,NA,NA,NA,5497156,NA,1769531,NA,NA,0
"257","17","HS",2017,201709,"September 2017",4,0,2,"Exports",392,"Japan",NA,792,"Turkey",NA,NA,NA,NA,NA,NA,NA,NA,"3915","Waste, parings and scrap, of plastics",0,NA,NA,NA,NA,NA,24740,NA,11687,NA,NA,0
"258","17","HS",2017,201709,"September 2017",4,0,2,"Exports",392,"Japan",NA,834,"United Rep. of Tanzania",NA,NA,NA,NA,NA,NA,NA,NA,"3915","Waste, parings and scrap, of plastics",0,NA,NA,NA,NA,NA,51510,NA,13394,NA,NA,0
"259","17","HS",2017,201709,"September 2017",4,0,2,"Exports",392,"Japan",NA,842,"United States of America",NA,NA,NA,NA,NA,NA,NA,NA,"3915","Waste, parings and scrap, of plastics",0,NA,NA,NA,NA,NA,420031,NA,168835,NA,NA,0
"260","18","HS",2017,201709,"September 2017",4,0,2,"Exports",428,"Latvia",NA,0,"World",NA,NA,NA,NA,NA,NA,NA,NA,"3915","Waste, parings and scrap, of plastics",0,NA,NA,NA,NA,NA,1105972,NA,479119,NA,NA,0
"261","18","HS",2017,201709,"September 2017",4,0,2,"Exports",428,"Latvia",NA,203,"Czech Rep.",NA,NA,NA,NA,NA,NA,NA,NA,"3915","Waste, parings and scrap, of plastics",0,NA,NA,NA,NA,NA,10220,NA,17867,NA,NA,0
"262","18","HS",2017,201709,"September 2017",4,0,2,"Exports",428,"Latvia",NA,233,"Estonia",NA,NA,NA,NA,NA,NA,NA,NA,"3915","Waste, parings and scrap, of plastics",0,NA,NA,NA,NA,NA,26452,NA,11243,NA,NA,0
"263","18","HS",2017,201709,"September 2017",4,0,2,"Exports",428,"Latvia",NA,276,"Germany",NA,NA,NA,NA,NA,NA,NA,NA,"3915","Waste, parings and scrap, of plastics",0,NA,NA,NA,NA,NA,49420,NA,22583,NA,NA,0
"264","18","HS",2017,201709,"September 2017",4,0,2,"Exports",428,"Latvia",NA,440,"Lithuania",NA,NA,NA,NA,NA,NA,NA,NA,"3915","Waste, parings and scrap, of plastics",0,NA,NA,NA,NA,NA,498097,NA,214623,NA,NA,0
"265","18","HS",2017,201709,"September 2017",4,0,2,"Exports",428,"Latvia",NA,458,"Malaysia",NA,NA,NA,NA,NA,NA,NA,NA,"3915","Waste, parings and scrap, of plastics",0,NA,NA,NA,NA,NA,121940,NA,14085,NA,NA,0
"266","18","HS",2017,201709,"September 2017",4,0,2,"Exports",428,"Latvia",NA,528,"Netherlands",NA,NA,NA,NA,NA,NA,NA,NA,"3915","Waste, parings and scrap, of plastics",0,NA,NA,NA,NA,NA,19700,NA,33330,NA,NA,0
"267","18","HS",2017,201709,"September 2017",4,0,2,"Exports",428,"Latvia",NA,616,"Poland",NA,NA,NA,NA,NA,NA,NA,NA,"3915","Waste, parings and scrap, of plastics",0,NA,NA,NA,NA,NA,216109,NA,40906,NA,NA,0
"268","18","HS",2017,201709,"September 2017",4,0,2,"Exports",428,"Latvia",NA,642,"Romania",NA,NA,NA,NA,NA,NA,NA,NA,"3915","Waste, parings and scrap, of plastics",0,NA,NA,NA,NA,NA,23520,NA,6539,NA,NA,0
"269","18","HS",2017,201709,"September 2017",4,0,2,"Exports",428,"Latvia",NA,724,"Spain",NA,NA,NA,NA,NA,NA,NA,NA,"3915","Waste, parings and scrap, of plastics",0,NA,NA,NA,NA,NA,48938,NA,24648,NA,NA,0
"270","18","HS",2017,201709,"September 2017",4,0,2,"Exports",428,"Latvia",NA,752,"Sweden",NA,NA,NA,NA,NA,NA,NA,NA,"3915","Waste, parings and scrap, of plastics",0,NA,NA,NA,NA,NA,91576,NA,93296,NA,NA,0
"271","19","HS",2017,201709,"September 2017",4,0,2,"Exports",440,"Lithuania",NA,0,"World",NA,NA,NA,NA,NA,NA,NA,NA,"3915","Waste, parings and scrap, of plastics",0,NA,NA,NA,NA,NA,2505980,NA,724733,NA,NA,0
"272","19","HS",2017,201709,"September 2017",4,0,2,"Exports",440,"Lithuania",NA,156,"China",NA,NA,NA,NA,NA,NA,NA,NA,"3915","Waste, parings and scrap, of plastics",0,NA,NA,NA,NA,NA,20060,NA,10927,NA,NA,0
"273","19","HS",2017,201709,"September 2017",4,0,2,"Exports",440,"Lithuania",NA,203,"Czech Rep.",NA,NA,NA,NA,NA,NA,NA,NA,"3915","Waste, parings and scrap, of plastics",0,NA,NA,NA,NA,NA,52975,NA,26623,NA,NA,0
"274","19","HS",2017,201709,"September 2017",4,0,2,"Exports",440,"Lithuania",NA,208,"Denmark",NA,NA,NA,NA,NA,NA,NA,NA,"3915","Waste, parings and scrap, of plastics",0,NA,NA,NA,NA,NA,59444,NA,24503,NA,NA,0
"275","19","HS",2017,201709,"September 2017",4,0,2,"Exports",440,"Lithuania",NA,233,"Estonia",NA,NA,NA,NA,NA,NA,NA,NA,"3915","Waste, parings and scrap, of plastics",0,NA,NA,NA,NA,NA,170781,NA,49040,NA,NA,0
"276","19","HS",2017,201709,"September 2017",4,0,2,"Exports",440,"Lithuania",NA,246,"Finland",NA,NA,NA,NA,NA,NA,NA,NA,"3915","Waste, parings and scrap, of plastics",0,NA,NA,NA,NA,NA,23780,NA,12622,NA,NA,0
"277","19","HS",2017,201709,"September 2017",4,0,2,"Exports",440,"Lithuania",NA,251,"France",NA,NA,NA,NA,NA,NA,NA,NA,"3915","Waste, parings and scrap, of plastics",0,NA,NA,NA,NA,NA,12020,NA,83900,NA,NA,0
"278","19","HS",2017,201709,"September 2017",4,0,2,"Exports",440,"Lithuania",NA,276,"Germany",NA,NA,NA,NA,NA,NA,NA,NA,"3915","Waste, parings and scrap, of plastics",0,NA,NA,NA,NA,NA,37658,NA,26598,NA,NA,0
"279","19","HS",2017,201709,"September 2017",4,0,2,"Exports",440,"Lithuania",NA,344,"China, Hong Kong SAR",NA,NA,NA,NA,NA,NA,NA,NA,"3915","Waste, parings and scrap, of plastics",0,NA,NA,NA,NA,NA,170798,NA,57539,NA,NA,0
"280","19","HS",2017,201709,"September 2017",4,0,2,"Exports",440,"Lithuania",NA,381,"Italy",NA,NA,NA,NA,NA,NA,NA,NA,"3915","Waste, parings and scrap, of plastics",0,NA,NA,NA,NA,NA,24000,NA,13455,NA,NA,0
"281","19","HS",2017,201709,"September 2017",4,0,2,"Exports",440,"Lithuania",NA,428,"Latvia",NA,NA,NA,NA,NA,NA,NA,NA,"3915","Waste, parings and scrap, of plastics",0,NA,NA,NA,NA,NA,411497,NA,53281,NA,NA,0
"282","19","HS",2017,201709,"September 2017",4,0,2,"Exports",440,"Lithuania",NA,458,"Malaysia",NA,NA,NA,NA,NA,NA,NA,NA,"3915","Waste, parings and scrap, of plastics",0,NA,NA,NA,NA,NA,21340,NA,2545,NA,NA,0
"283","19","HS",2017,201709,"September 2017",4,0,2,"Exports",440,"Lithuania",NA,586,"Pakistan",NA,NA,NA,NA,NA,NA,NA,NA,"3915","Waste, parings and scrap, of plastics",0,NA,NA,NA,NA,NA,21500,NA,3077,NA,NA,0
"284","19","HS",2017,201709,"September 2017",4,0,2,"Exports",440,"Lithuania",NA,616,"Poland",NA,NA,NA,NA,NA,NA,NA,NA,"3915","Waste, parings and scrap, of plastics",0,NA,NA,NA,NA,NA,595166,NA,96422,NA,NA,0
"285","19","HS",2017,201709,"September 2017",4,0,2,"Exports",440,"Lithuania",NA,642,"Romania",NA,NA,NA,NA,NA,NA,NA,NA,"3915","Waste, parings and scrap, of plastics",0,NA,NA,NA,NA,NA,866540,NA,259435,NA,NA,0
"286","19","HS",2017,201709,"September 2017",4,0,2,"Exports",440,"Lithuania",NA,643,"Russian Federation",NA,NA,NA,NA,NA,NA,NA,NA,"3915","Waste, parings and scrap, of plastics",0,NA,NA,NA,NA,NA,570,NA,508,NA,NA,0
"287","19","HS",2017,201709,"September 2017",4,0,2,"Exports",440,"Lithuania",NA,703,"Slovakia",NA,NA,NA,NA,NA,NA,NA,NA,"3915","Waste, parings and scrap, of plastics",0,NA,NA,NA,NA,NA,17851,NA,4258,NA,NA,0
"288","21","HS",2017,201709,"September 2017",4,0,2,"Exports",484,"Mexico",NA,156,"China",NA,NA,NA,NA,NA,NA,NA,NA,"3915","Waste, parings and scrap, of plastics",0,NA,NA,NA,NA,NA,4660856,NA,2157384,NA,NA,0
"289","21","HS",2017,201709,"September 2017",4,0,2,"Exports",484,"Mexico",NA,724,"Spain",NA,NA,NA,NA,NA,NA,NA,NA,"3915","Waste, parings and scrap, of plastics",0,NA,NA,NA,NA,NA,37050,NA,12040,NA,NA,0
"290","21","HS",2017,201709,"September 2017",4,0,2,"Exports",484,"Mexico",NA,702,"Singapore",NA,NA,NA,NA,NA,NA,NA,NA,"3915","Waste, parings and scrap, of plastics",0,NA,NA,NA,NA,NA,160,NA,1,NA,NA,0
"291","21","HS",2017,201709,"September 2017",4,0,2,"Exports",484,"Mexico",NA,490,"Other Asia, nes",NA,NA,NA,NA,NA,NA,NA,NA,"3915","Waste, parings and scrap, of plastics",0,NA,NA,NA,NA,NA,1466401,NA,719264,NA,NA,0
"292","21","HS",2017,201709,"September 2017",4,0,2,"Exports",484,"Mexico",NA,276,"Germany",NA,NA,NA,NA,NA,NA,NA,NA,"3915","Waste, parings and scrap, of plastics",0,NA,NA,NA,NA,NA,14901,NA,7084,NA,NA,0
"293","21","HS",2017,201709,"September 2017",4,0,2,"Exports",484,"Mexico",NA,360,"Indonesia",NA,NA,NA,NA,NA,NA,NA,NA,"3915","Waste, parings and scrap, of plastics",0,NA,NA,NA,NA,NA,368860,NA,97098,NA,NA,0
"294","21","HS",2017,201709,"September 2017",4,0,2,"Exports",484,"Mexico",NA,608,"Philippines",NA,NA,NA,NA,NA,NA,NA,NA,"3915","Waste, parings and scrap, of plastics",0,NA,NA,NA,NA,NA,72540,NA,36406,NA,NA,0
"295","21","HS",2017,201709,"September 2017",4,0,2,"Exports",484,"Mexico",NA,458,"Malaysia",NA,NA,NA,NA,NA,NA,NA,NA,"3915","Waste, parings and scrap, of plastics",0,NA,NA,NA,NA,NA,175772,NA,109298,NA,NA,0
"296","21","HS",2017,201709,"September 2017",4,0,2,"Exports",484,"Mexico",NA,170,"Colombia",NA,NA,NA,NA,NA,NA,NA,NA,"3915","Waste, parings and scrap, of plastics",0,NA,NA,NA,NA,NA,50940,NA,20730,NA,NA,0
"297","21","HS",2017,201709,"September 2017",4,0,2,"Exports",484,"Mexico",NA,124,"Canada",NA,NA,NA,NA,NA,NA,NA,NA,"3915","Waste, parings and scrap, of plastics",0,NA,NA,NA,NA,NA,59203,NA,52181,NA,NA,0
"298","21","HS",2017,201709,"September 2017",4,0,2,"Exports",484,"Mexico",NA,842,"United States of America",NA,NA,NA,NA,NA,NA,NA,NA,"3915","Waste, parings and scrap, of plastics",0,NA,NA,NA,NA,NA,15973776,NA,7440788,NA,NA,0
"299","21","HS",2017,201709,"September 2017",4,0,2,"Exports",484,"Mexico",NA,392,"Japan",NA,NA,NA,NA,NA,NA,NA,NA,"3915","Waste, parings and scrap, of plastics",0,NA,NA,NA,NA,NA,1029,NA,51,NA,NA,0
"300","21","HS",2017,201709,"September 2017",4,0,2,"Exports",484,"Mexico",NA,699,"India",NA,NA,NA,NA,NA,NA,NA,NA,"3915","Waste, parings and scrap, of plastics",0,NA,NA,NA,NA,NA,43530,NA,21765,NA,NA,0
"301","21","HS",2017,201709,"September 2017",4,0,2,"Exports",484,"Mexico",NA,381,"Italy",NA,NA,NA,NA,NA,NA,NA,NA,"3915","Waste, parings and scrap, of plastics",0,NA,NA,NA,NA,NA,37800,NA,20789,NA,NA,0
"302","21","HS",2017,201709,"September 2017",4,0,2,"Exports",484,"Mexico",NA,643,"Russian Federation",NA,NA,NA,NA,NA,NA,NA,NA,"3915","Waste, parings and scrap, of plastics",0,NA,NA,NA,NA,NA,40000,NA,14600,NA,NA,0
"303","21","HS",2017,201709,"September 2017",4,0,2,"Exports",484,"Mexico",NA,410,"Rep. of Korea",NA,NA,NA,NA,NA,NA,NA,NA,"3915","Waste, parings and scrap, of plastics",0,NA,NA,NA,NA,NA,22756,NA,35271,NA,NA,0
"304","21","HS",2017,201709,"September 2017",4,0,2,"Exports",484,"Mexico",NA,704,"Viet Nam",NA,NA,NA,NA,NA,NA,NA,NA,"3915","Waste, parings and scrap, of plastics",0,NA,NA,NA,NA,NA,21432,NA,32598,NA,NA,0
"305","21","HS",2017,201709,"September 2017",4,0,2,"Exports",484,"Mexico",NA,764,"Thailand",NA,NA,NA,NA,NA,NA,NA,NA,"3915","Waste, parings and scrap, of plastics",0,NA,NA,NA,NA,NA,67390,NA,9265,NA,NA,0
"306","21","HS",2017,201709,"September 2017",4,0,2,"Exports",484,"Mexico",NA,344,"China, Hong Kong SAR",NA,NA,NA,NA,NA,NA,NA,NA,"3915","Waste, parings and scrap, of plastics",0,NA,NA,NA,NA,NA,4629405,NA,2247233,NA,NA,0
"307","21","HS",2017,201709,"September 2017",4,0,2,"Exports",484,"Mexico",NA,0,"World",NA,NA,NA,NA,NA,NA,NA,NA,"3915","Waste, parings and scrap, of plastics",0,NA,NA,NA,NA,NA,27796969,NA,13040795,NA,NA,0
"308","21","HS",2017,201709,"September 2017",4,0,2,"Exports",484,"Mexico",NA,682,"Saudi Arabia",NA,NA,NA,NA,NA,NA,NA,NA,"3915","Waste, parings and scrap, of plastics",0,NA,NA,NA,NA,NA,53168,NA,6949,NA,NA,0
"309","22","HS",2017,201709,"September 2017",4,0,2,"Exports",499,"Montenegro",NA,0,"World",NA,NA,NA,NA,NA,NA,NA,NA,"3915","Waste, parings and scrap, of plastics",0,NA,NA,NA,NA,NA,38120,NA,11452,NA,NA,0
"310","22","HS",2017,201709,"September 2017",4,0,2,"Exports",499,"Montenegro",NA,70,"Bosnia Herzegovina",NA,NA,NA,NA,NA,NA,NA,NA,"3915","Waste, parings and scrap, of plastics",0,NA,NA,NA,NA,NA,14120,NA,5361,NA,NA,0
"311","22","HS",2017,201709,"September 2017",4,0,2,"Exports",499,"Montenegro",NA,899,"Areas, nes",NA,NA,NA,NA,NA,NA,NA,NA,"3915","Waste, parings and scrap, of plastics",0,NA,NA,NA,NA,NA,24000,NA,6091,NA,NA,0
"312","24","HS",2017,201709,"September 2017",4,0,2,"Exports",579,"Norway",NA,0,"World",NA,NA,NA,NA,NA,NA,NA,NA,"3915","Waste, parings and scrap, of plastics",0,NA,NA,NA,NA,NA,5405421,NA,1752100,NA,NA,0
"313","24","HS",2017,201709,"September 2017",4,0,2,"Exports",579,"Norway",NA,208,"Denmark",NA,NA,NA,NA,NA,NA,NA,NA,"3915","Waste, parings and scrap, of plastics",0,NA,NA,NA,NA,NA,225030,NA,104178,NA,NA,0
"314","24","HS",2017,201709,"September 2017",4,0,2,"Exports",579,"Norway",NA,233,"Estonia",NA,NA,NA,NA,NA,NA,NA,NA,"3915","Waste, parings and scrap, of plastics",0,NA,NA,NA,NA,NA,24840,NA,1777,NA,NA,0
"315","24","HS",2017,201709,"September 2017",4,0,2,"Exports",579,"Norway",NA,704,"Viet Nam",NA,NA,NA,NA,NA,NA,NA,NA,"3915","Waste, parings and scrap, of plastics",0,NA,NA,NA,NA,NA,44920,NA,8957,NA,NA,0
"316","24","HS",2017,201709,"September 2017",4,0,2,"Exports",579,"Norway",NA,724,"Spain",NA,NA,NA,NA,NA,NA,NA,NA,"3915","Waste, parings and scrap, of plastics",0,NA,NA,NA,NA,NA,37660,NA,2248,NA,NA,0
"317","24","HS",2017,201709,"September 2017",4,0,2,"Exports",579,"Norway",NA,752,"Sweden",NA,NA,NA,NA,NA,NA,NA,NA,"3915","Waste, parings and scrap, of plastics",0,NA,NA,NA,NA,NA,981795,NA,426998,NA,NA,0
"318","24","HS",2017,201709,"September 2017",4,0,2,"Exports",579,"Norway",NA,826,"United Kingdom",NA,NA,NA,NA,NA,NA,NA,NA,"3915","Waste, parings and scrap, of plastics",0,NA,NA,NA,NA,NA,41464,NA,22733,NA,NA,0
"319","24","HS",2017,201709,"September 2017",4,0,2,"Exports",579,"Norway",NA,276,"Germany",NA,NA,NA,NA,NA,NA,NA,NA,"3915","Waste, parings and scrap, of plastics",0,NA,NA,NA,NA,NA,1899654,NA,579469,NA,NA,0
"320","24","HS",2017,201709,"September 2017",4,0,2,"Exports",579,"Norway",NA,344,"China, Hong Kong SAR",NA,NA,NA,NA,NA,NA,NA,NA,"3915","Waste, parings and scrap, of plastics",0,NA,NA,NA,NA,NA,129390,NA,30869,NA,NA,0
"321","24","HS",2017,201709,"September 2017",4,0,2,"Exports",579,"Norway",NA,381,"Italy",NA,NA,NA,NA,NA,NA,NA,NA,"3915","Waste, parings and scrap, of plastics",0,NA,NA,NA,NA,NA,45010,NA,52222,NA,NA,0
"322","24","HS",2017,201709,"September 2017",4,0,2,"Exports",579,"Norway",NA,428,"Latvia",NA,NA,NA,NA,NA,NA,NA,NA,"3915","Waste, parings and scrap, of plastics",0,NA,NA,NA,NA,NA,63800,NA,12159,NA,NA,0
"323","24","HS",2017,201709,"September 2017",4,0,2,"Exports",579,"Norway",NA,440,"Lithuania",NA,NA,NA,NA,NA,NA,NA,NA,"3915","Waste, parings and scrap, of plastics",0,NA,NA,NA,NA,NA,1093175,NA,136891,NA,NA,0
"324","24","HS",2017,201709,"September 2017",4,0,2,"Exports",579,"Norway",NA,528,"Netherlands",NA,NA,NA,NA,NA,NA,NA,NA,"3915","Waste, parings and scrap, of plastics",0,NA,NA,NA,NA,NA,522223,NA,286740,NA,NA,0
"325","24","HS",2017,201709,"September 2017",4,0,2,"Exports",579,"Norway",NA,616,"Poland",NA,NA,NA,NA,NA,NA,NA,NA,"3915","Waste, parings and scrap, of plastics",0,NA,NA,NA,NA,NA,296460,NA,86860,NA,NA,0
"326","25","HS",2017,201709,"September 2017",4,0,2,"Exports",600,"Paraguay",NA,0,"World",NA,NA,NA,NA,NA,NA,NA,NA,"3915","Waste, parings and scrap, of plastics",0,NA,NA,NA,NA,NA,316170,NA,124603,NA,NA,0
"327","25","HS",2017,201709,"September 2017",4,0,2,"Exports",600,"Paraguay",NA,76,"Brazil",NA,NA,NA,NA,NA,NA,NA,NA,"3915","Waste, parings and scrap, of plastics",0,NA,NA,NA,NA,NA,316170,NA,124603,NA,NA,0
"328","26","HS",2017,201709,"September 2017",4,0,2,"Exports",604,"Peru",NA,152,"Chile",NA,NA,NA,NA,NA,NA,NA,NA,"3915","Waste, parings and scrap, of plastics",0,NA,NA,NA,NA,NA,22840,NA,13261,NA,NA,0
"329","26","HS",2017,201709,"September 2017",4,0,2,"Exports",604,"Peru",NA,0,"World",NA,NA,NA,NA,NA,NA,NA,NA,"3915","Waste, parings and scrap, of plastics",0,NA,NA,NA,NA,NA,26359,NA,48163,NA,NA,0
"330","26","HS",2017,201709,"September 2017",4,0,2,"Exports",604,"Peru",NA,392,"Japan",NA,NA,NA,NA,NA,NA,NA,NA,"3915","Waste, parings and scrap, of plastics",0,NA,NA,NA,NA,NA,3519,NA,34902,NA,NA,0
"331","27","HS",2017,201709,"September 2017",4,0,2,"Exports",643,"Russian Federation",NA,156,"China",NA,NA,NA,NA,NA,NA,NA,NA,"3915","Waste, parings and scrap, of plastics",0,NA,NA,NA,NA,NA,245896,NA,32484,NA,NA,0
"332","27","HS",2017,201709,"September 2017",4,0,2,"Exports",643,"Russian Federation",NA,784,"United Arab Emirates",NA,NA,NA,NA,NA,NA,NA,NA,"3915","Waste, parings and scrap, of plastics",0,NA,NA,NA,NA,NA,20000,NA,8000,NA,NA,0
"333","27","HS",2017,201709,"September 2017",4,0,2,"Exports",643,"Russian Federation",NA,440,"Lithuania",NA,NA,NA,NA,NA,NA,NA,NA,"3915","Waste, parings and scrap, of plastics",0,NA,NA,NA,NA,NA,89326,NA,21724,NA,NA,0
"334","27","HS",2017,201709,"September 2017",4,0,2,"Exports",643,"Russian Federation",NA,112,"Belarus",NA,NA,NA,NA,NA,NA,NA,NA,"3915","Waste, parings and scrap, of plastics",0,NA,NA,NA,NA,NA,410398,NA,269843,NA,NA,0
"335","27","HS",2017,201709,"September 2017",4,0,2,"Exports",643,"Russian Federation",NA,0,"World",NA,NA,NA,NA,NA,NA,NA,NA,"3915","Waste, parings and scrap, of plastics",0,NA,NA,NA,NA,NA,1232426,NA,463543,NA,NA,0
"336","27","HS",2017,201709,"September 2017",4,0,2,"Exports",643,"Russian Federation",NA,804,"Ukraine",NA,NA,NA,NA,NA,NA,NA,NA,"3915","Waste, parings and scrap, of plastics",0,NA,NA,NA,NA,NA,13974,NA,3377,NA,NA,0
"337","27","HS",2017,201709,"September 2017",4,0,2,"Exports",643,"Russian Federation",NA,860,"Uzbekistan",NA,NA,NA,NA,NA,NA,NA,NA,"3915","Waste, parings and scrap, of plastics",0,NA,NA,NA,NA,NA,162993,NA,22595,NA,NA,0
"338","27","HS",2017,201709,"September 2017",4,0,2,"Exports",643,"Russian Federation",NA,410,"Rep. of Korea",NA,NA,NA,NA,NA,NA,NA,NA,"3915","Waste, parings and scrap, of plastics",0,NA,NA,NA,NA,NA,50,NA,9,NA,NA,0
"339","27","HS",2017,201709,"September 2017",4,0,2,"Exports",643,"Russian Federation",NA,616,"Poland",NA,NA,NA,NA,NA,NA,NA,NA,"3915","Waste, parings and scrap, of plastics",0,NA,NA,NA,NA,NA,16805,NA,3296,NA,NA,0
"340","27","HS",2017,201709,"September 2017",4,0,2,"Exports",643,"Russian Federation",NA,428,"Latvia",NA,NA,NA,NA,NA,NA,NA,NA,"3915","Waste, parings and scrap, of plastics",0,NA,NA,NA,NA,NA,133086,NA,48948,NA,NA,0
"341","27","HS",2017,201709,"September 2017",4,0,2,"Exports",643,"Russian Federation",NA,344,"China, Hong Kong SAR",NA,NA,NA,NA,NA,NA,NA,NA,"3915","Waste, parings and scrap, of plastics",0,NA,NA,NA,NA,NA,82938,NA,38449,NA,NA,0
"342","27","HS",2017,201709,"September 2017",4,0,2,"Exports",643,"Russian Federation",NA,417,"Kyrgyzstan",NA,NA,NA,NA,NA,NA,NA,NA,"3915","Waste, parings and scrap, of plastics",0,NA,NA,NA,NA,NA,56960,NA,14818,NA,NA,0
"343","27","HS",2017,201709,"September 2017",4,0,2,"Exports",642,"Romania",NA,0,"World",NA,NA,NA,NA,NA,NA,NA,NA,"3915","Waste, parings and scrap, of plastics",0,NA,NA,NA,NA,NA,1469664,NA,805297,NA,NA,0
"344","27","HS",2017,201709,"September 2017",4,0,2,"Exports",642,"Romania",NA,251,"France",NA,NA,NA,NA,NA,NA,NA,NA,"3915","Waste, parings and scrap, of plastics",0,NA,NA,NA,NA,NA,32300,NA,57119,NA,NA,0
"345","27","HS",2017,201709,"September 2017",4,0,2,"Exports",642,"Romania",NA,616,"Poland",NA,NA,NA,NA,NA,NA,NA,NA,"3915","Waste, parings and scrap, of plastics",0,NA,NA,NA,NA,NA,44854,NA,27922,NA,NA,0
"346","27","HS",2017,201709,"September 2017",4,0,2,"Exports",642,"Romania",NA,40,"Austria",NA,NA,NA,NA,NA,NA,NA,NA,"3915","Waste, parings and scrap, of plastics",0,NA,NA,NA,NA,NA,16955,NA,25880,NA,NA,0
"347","27","HS",2017,201709,"September 2017",4,0,2,"Exports",642,"Romania",NA,792,"Turkey",NA,NA,NA,NA,NA,NA,NA,NA,"3915","Waste, parings and scrap, of plastics",0,NA,NA,NA,NA,NA,164506,NA,38280,NA,NA,0
"348","27","HS",2017,201709,"September 2017",4,0,2,"Exports",642,"Romania",NA,100,"Bulgaria",NA,NA,NA,NA,NA,NA,NA,NA,"3915","Waste, parings and scrap, of plastics",0,NA,NA,NA,NA,NA,21075,NA,8806,NA,NA,0
"349","27","HS",2017,201709,"September 2017",4,0,2,"Exports",642,"Romania",NA,156,"China",NA,NA,NA,NA,NA,NA,NA,NA,"3915","Waste, parings and scrap, of plastics",0,NA,NA,NA,NA,NA,235413,NA,125270,NA,NA,0
"350","27","HS",2017,201709,"September 2017",4,0,2,"Exports",642,"Romania",NA,381,"Italy",NA,NA,NA,NA,NA,NA,NA,NA,"3915","Waste, parings and scrap, of plastics",0,NA,NA,NA,NA,NA,205919,NA,153097,NA,NA,0
"351","27","HS",2017,201709,"September 2017",4,0,2,"Exports",642,"Romania",NA,300,"Greece",NA,NA,NA,NA,NA,NA,NA,NA,"3915","Waste, parings and scrap, of plastics",0,NA,NA,NA,NA,NA,22116,NA,16330,NA,NA,0
"352","27","HS",2017,201709,"September 2017",4,0,2,"Exports",642,"Romania",NA,276,"Germany",NA,NA,NA,NA,NA,NA,NA,NA,"3915","Waste, parings and scrap, of plastics",0,NA,NA,NA,NA,NA,354545,NA,185150,NA,NA,0
"353","27","HS",2017,201709,"September 2017",4,0,2,"Exports",642,"Romania",NA,704,"Viet Nam",NA,NA,NA,NA,NA,NA,NA,NA,"3915","Waste, parings and scrap, of plastics",0,NA,NA,NA,NA,NA,149157,NA,20021,NA,NA,0
"354","27","HS",2017,201709,"September 2017",4,0,2,"Exports",642,"Romania",NA,348,"Hungary",NA,NA,NA,NA,NA,NA,NA,NA,"3915","Waste, parings and scrap, of plastics",0,NA,NA,NA,NA,NA,135299,NA,90852,NA,NA,0
"355","27","HS",2017,201709,"September 2017",4,0,2,"Exports",642,"Romania",NA,703,"Slovakia",NA,NA,NA,NA,NA,NA,NA,NA,"3915","Waste, parings and scrap, of plastics",0,NA,NA,NA,NA,NA,1423,NA,1159,NA,NA,0
"356","27","HS",2017,201709,"September 2017",4,0,2,"Exports",642,"Romania",NA,458,"Malaysia",NA,NA,NA,NA,NA,NA,NA,NA,"3915","Waste, parings and scrap, of plastics",0,NA,NA,NA,NA,NA,48640,NA,8755,NA,NA,0
"357","27","HS",2017,201709,"September 2017",4,0,2,"Exports",642,"Romania",NA,392,"Japan",NA,NA,NA,NA,NA,NA,NA,NA,"3915","Waste, parings and scrap, of plastics",0,NA,NA,NA,NA,NA,13322,NA,46627,NA,NA,0
"358","27","HS",2017,201709,"September 2017",4,0,2,"Exports",642,"Romania",NA,203,"Czech Rep.",NA,NA,NA,NA,NA,NA,NA,NA,"3915","Waste, parings and scrap, of plastics",0,NA,NA,NA,NA,NA,24140,NA,29,NA,NA,0
"359","30","HS",2017,201709,"September 2017",4,0,2,"Exports",702,"Singapore",NA,36,"Australia",NA,NA,NA,NA,NA,NA,NA,NA,"3915","Waste, parings and scrap, of plastics",0,NA,NA,NA,NA,NA,95348,NA,35444,NA,NA,0
"360","30","HS",2017,201709,"September 2017",4,0,2,"Exports",702,"Singapore",NA,0,"World",NA,NA,NA,NA,NA,NA,NA,NA,"3915","Waste, parings and scrap, of plastics",0,NA,NA,NA,NA,NA,3937112,NA,1469957,NA,NA,0
"361","30","HS",2017,201709,"September 2017",4,0,2,"Exports",702,"Singapore",NA,764,"Thailand",NA,NA,NA,NA,NA,NA,NA,NA,"3915","Waste, parings and scrap, of plastics",0,NA,NA,NA,NA,NA,37,NA,6128,NA,NA,0
"362","30","HS",2017,201709,"September 2017",4,0,2,"Exports",702,"Singapore",NA,156,"China",NA,NA,NA,NA,NA,NA,NA,NA,"3915","Waste, parings and scrap, of plastics",0,NA,NA,NA,NA,NA,154195,NA,56977,NA,NA,0
"363","30","HS",2017,201709,"September 2017",4,0,2,"Exports",702,"Singapore",NA,344,"China, Hong Kong SAR",NA,NA,NA,NA,NA,NA,NA,NA,"3915","Waste, parings and scrap, of plastics",0,NA,NA,NA,NA,NA,873849,NA,324839,NA,NA,0
"364","30","HS",2017,201709,"September 2017",4,0,2,"Exports",702,"Singapore",NA,360,"Indonesia",NA,NA,NA,NA,NA,NA,NA,NA,"3915","Waste, parings and scrap, of plastics",0,NA,NA,NA,NA,NA,926863,NA,343814,NA,NA,0
"365","30","HS",2017,201709,"September 2017",4,0,2,"Exports",702,"Singapore",NA,410,"Rep. of Korea",NA,NA,NA,NA,NA,NA,NA,NA,"3915","Waste, parings and scrap, of plastics",0,NA,NA,NA,NA,NA,70468,NA,26195,NA,NA,0
"366","30","HS",2017,201709,"September 2017",4,0,2,"Exports",702,"Singapore",NA,458,"Malaysia",NA,NA,NA,NA,NA,NA,NA,NA,"3915","Waste, parings and scrap, of plastics",0,NA,NA,NA,NA,NA,1354316,NA,504806,NA,NA,0
"367","30","HS",2017,201709,"September 2017",4,0,2,"Exports",702,"Singapore",NA,608,"Philippines",NA,NA,NA,NA,NA,NA,NA,NA,"3915","Waste, parings and scrap, of plastics",0,NA,NA,NA,NA,NA,38437,NA,14288,NA,NA,0
"368","30","HS",2017,201709,"September 2017",4,0,2,"Exports",702,"Singapore",NA,704,"Viet Nam",NA,NA,NA,NA,NA,NA,NA,NA,"3915","Waste, parings and scrap, of plastics",0,NA,NA,NA,NA,NA,423598,NA,157465,NA,NA,0
"369","30","HS",2017,201709,"September 2017",4,0,2,"Exports",703,"Slovakia",NA,616,"Poland",NA,NA,NA,NA,NA,NA,NA,NA,"3915","Waste, parings and scrap, of plastics",0,NA,NA,NA,NA,NA,368114,NA,198059,NA,NA,0
"370","30","HS",2017,201709,"September 2017",4,0,2,"Exports",703,"Slovakia",NA,792,"Turkey",NA,NA,NA,NA,NA,NA,NA,NA,"3915","Waste, parings and scrap, of plastics",0,NA,NA,NA,NA,NA,20300,NA,11889,NA,NA,0
"371","30","HS",2017,201709,"September 2017",4,0,2,"Exports",703,"Slovakia",NA,156,"China",NA,NA,NA,NA,NA,NA,NA,NA,"3915","Waste, parings and scrap, of plastics",0,NA,NA,NA,NA,NA,24039,NA,23531,NA,NA,0
"372","30","HS",2017,201709,"September 2017",4,0,2,"Exports",703,"Slovakia",NA,191,"Croatia",NA,NA,NA,NA,NA,NA,NA,NA,"3915","Waste, parings and scrap, of plastics",0,NA,NA,NA,NA,NA,24540,NA,11505,NA,NA,0
"373","30","HS",2017,201709,"September 2017",4,0,2,"Exports",703,"Slovakia",NA,757,"Switzerland",NA,NA,NA,NA,NA,NA,NA,NA,"3915","Waste, parings and scrap, of plastics",0,NA,NA,NA,NA,NA,9448,NA,10469,NA,NA,0
"374","30","HS",2017,201709,"September 2017",4,0,2,"Exports",703,"Slovakia",NA,203,"Czech Rep.",NA,NA,NA,NA,NA,NA,NA,NA,"3915","Waste, parings and scrap, of plastics",0,NA,NA,NA,NA,NA,710190,NA,457896,NA,NA,0
"375","30","HS",2017,201709,"September 2017",4,0,2,"Exports",703,"Slovakia",NA,528,"Netherlands",NA,NA,NA,NA,NA,NA,NA,NA,"3915","Waste, parings and scrap, of plastics",0,NA,NA,NA,NA,NA,502936,NA,294608,NA,NA,0
"376","30","HS",2017,201709,"September 2017",4,0,2,"Exports",703,"Slovakia",NA,344,"China, Hong Kong SAR",NA,NA,NA,NA,NA,NA,NA,NA,"3915","Waste, parings and scrap, of plastics",0,NA,NA,NA,NA,NA,60637,NA,37052,NA,NA,0
"377","30","HS",2017,201709,"September 2017",4,0,2,"Exports",703,"Slovakia",NA,381,"Italy",NA,NA,NA,NA,NA,NA,NA,NA,"3915","Waste, parings and scrap, of plastics",0,NA,NA,NA,NA,NA,42704,NA,33430,NA,NA,0
"378","30","HS",2017,201709,"September 2017",4,0,2,"Exports",703,"Slovakia",NA,348,"Hungary",NA,NA,NA,NA,NA,NA,NA,NA,"3915","Waste, parings and scrap, of plastics",0,NA,NA,NA,NA,NA,362879,NA,311780,NA,NA,0
"379","30","HS",2017,201709,"September 2017",4,0,2,"Exports",703,"Slovakia",NA,251,"France",NA,NA,NA,NA,NA,NA,NA,NA,"3915","Waste, parings and scrap, of plastics",0,NA,NA,NA,NA,NA,230015,NA,154904,NA,NA,0
"380","30","HS",2017,201709,"September 2017",4,0,2,"Exports",703,"Slovakia",NA,276,"Germany",NA,NA,NA,NA,NA,NA,NA,NA,"3915","Waste, parings and scrap, of plastics",0,NA,NA,NA,NA,NA,258169,NA,210459,NA,NA,0
"381","30","HS",2017,201709,"September 2017",4,0,2,"Exports",703,"Slovakia",NA,688,"Serbia",NA,NA,NA,NA,NA,NA,NA,NA,"3915","Waste, parings and scrap, of plastics",0,NA,NA,NA,NA,NA,36700,NA,1740,NA,NA,0
"382","30","HS",2017,201709,"September 2017",4,0,2,"Exports",703,"Slovakia",NA,704,"Viet Nam",NA,NA,NA,NA,NA,NA,NA,NA,"3915","Waste, parings and scrap, of plastics",0,NA,NA,NA,NA,NA,31100,NA,11870,NA,NA,0
"383","30","HS",2017,201709,"September 2017",4,0,2,"Exports",703,"Slovakia",NA,705,"Slovenia",NA,NA,NA,NA,NA,NA,NA,NA,"3915","Waste, parings and scrap, of plastics",0,NA,NA,NA,NA,NA,93416,NA,104600,NA,NA,0
"384","30","HS",2017,201709,"September 2017",4,0,2,"Exports",703,"Slovakia",NA,440,"Lithuania",NA,NA,NA,NA,NA,NA,NA,NA,"3915","Waste, parings and scrap, of plastics",0,NA,NA,NA,NA,NA,44592,NA,30283,NA,NA,0
"385","30","HS",2017,201709,"September 2017",4,0,2,"Exports",703,"Slovakia",NA,804,"Ukraine",NA,NA,NA,NA,NA,NA,NA,NA,"3915","Waste, parings and scrap, of plastics",0,NA,NA,NA,NA,NA,329180,NA,70534,NA,NA,0
"386","30","HS",2017,201709,"September 2017",4,0,2,"Exports",703,"Slovakia",NA,642,"Romania",NA,NA,NA,NA,NA,NA,NA,NA,"3915","Waste, parings and scrap, of plastics",0,NA,NA,NA,NA,NA,24655,NA,36563,NA,NA,0
"387","30","HS",2017,201709,"September 2017",4,0,2,"Exports",703,"Slovakia",NA,40,"Austria",NA,NA,NA,NA,NA,NA,NA,NA,"3915","Waste, parings and scrap, of plastics",0,NA,NA,NA,NA,NA,142695,NA,86405,NA,NA,0
"388","30","HS",2017,201709,"September 2017",4,0,2,"Exports",703,"Slovakia",NA,724,"Spain",NA,NA,NA,NA,NA,NA,NA,NA,"3915","Waste, parings and scrap, of plastics",0,NA,NA,NA,NA,NA,14162,NA,24592,NA,NA,0
"389","30","HS",2017,201709,"September 2017",4,0,2,"Exports",703,"Slovakia",NA,0,"World",NA,NA,NA,NA,NA,NA,NA,NA,"3915","Waste, parings and scrap, of plastics",0,NA,NA,NA,NA,NA,3330471,NA,2122168,NA,NA,0
"390","30","HS",2017,201709,"September 2017",4,0,2,"Exports",705,"Slovenia",NA,842,"United States of America",NA,NA,NA,NA,NA,NA,NA,NA,"3915","Waste, parings and scrap, of plastics",0,NA,NA,NA,NA,NA,38972,NA,8890,NA,NA,0
"391","30","HS",2017,201709,"September 2017",4,0,2,"Exports",705,"Slovenia",NA,0,"World",NA,NA,NA,NA,NA,NA,NA,NA,"3915","Waste, parings and scrap, of plastics",0,NA,NA,NA,NA,NA,7185941,NA,2397587,NA,NA,0
"392","30","HS",2017,201709,"September 2017",4,0,2,"Exports",705,"Slovenia",NA,699,"India",NA,NA,NA,NA,NA,NA,NA,NA,"3915","Waste, parings and scrap, of plastics",0,NA,NA,NA,NA,NA,82780,NA,39803,NA,NA,0
"393","30","HS",2017,201709,"September 2017",4,0,2,"Exports",705,"Slovenia",NA,276,"Germany",NA,NA,NA,NA,NA,NA,NA,NA,"3915","Waste, parings and scrap, of plastics",0,NA,NA,NA,NA,NA,770512,NA,259133,NA,NA,0
"394","30","HS",2017,201709,"September 2017",4,0,2,"Exports",705,"Slovenia",NA,344,"China, Hong Kong SAR",NA,NA,NA,NA,NA,NA,NA,NA,"3915","Waste, parings and scrap, of plastics",0,NA,NA,NA,NA,NA,167843,NA,193247,NA,NA,0
"395","30","HS",2017,201709,"September 2017",4,0,2,"Exports",705,"Slovenia",NA,348,"Hungary",NA,NA,NA,NA,NA,NA,NA,NA,"3915","Waste, parings and scrap, of plastics",0,NA,NA,NA,NA,NA,348158,NA,176162,NA,NA,0
"396","30","HS",2017,201709,"September 2017",4,0,2,"Exports",705,"Slovenia",NA,156,"China",NA,NA,NA,NA,NA,NA,NA,NA,"3915","Waste, parings and scrap, of plastics",0,NA,NA,NA,NA,NA,721280,NA,223207,NA,NA,0
"397","30","HS",2017,201709,"September 2017",4,0,2,"Exports",705,"Slovenia",NA,170,"Colombia",NA,NA,NA,NA,NA,NA,NA,NA,"3915","Waste, parings and scrap, of plastics",0,NA,NA,NA,NA,NA,1,NA,22,NA,NA,0
"398","30","HS",2017,201709,"September 2017",4,0,2,"Exports",705,"Slovenia",NA,191,"Croatia",NA,NA,NA,NA,NA,NA,NA,NA,"3915","Waste, parings and scrap, of plastics",0,NA,NA,NA,NA,NA,734883,NA,185438,NA,NA,0
"399","30","HS",2017,201709,"September 2017",4,0,2,"Exports",705,"Slovenia",NA,203,"Czech Rep.",NA,NA,NA,NA,NA,NA,NA,NA,"3915","Waste, parings and scrap, of plastics",0,NA,NA,NA,NA,NA,11152,NA,5435,NA,NA,0
"400","30","HS",2017,201709,"September 2017",4,0,2,"Exports",705,"Slovenia",NA,40,"Austria",NA,NA,NA,NA,NA,NA,NA,NA,"3915","Waste, parings and scrap, of plastics",0,NA,NA,NA,NA,NA,977377,NA,359149,NA,NA,0
"401","30","HS",2017,201709,"September 2017",4,0,2,"Exports",705,"Slovenia",NA,56,"Belgium",NA,NA,NA,NA,NA,NA,NA,NA,"3915","Waste, parings and scrap, of plastics",0,NA,NA,NA,NA,NA,940883,NA,313061,NA,NA,0
"402","30","HS",2017,201709,"September 2017",4,0,2,"Exports",705,"Slovenia",NA,100,"Bulgaria",NA,NA,NA,NA,NA,NA,NA,NA,"3915","Waste, parings and scrap, of plastics",0,NA,NA,NA,NA,NA,210188,NA,41898,NA,NA,0
"403","30","HS",2017,201709,"September 2017",4,0,2,"Exports",705,"Slovenia",NA,381,"Italy",NA,NA,NA,NA,NA,NA,NA,NA,"3915","Waste, parings and scrap, of plastics",0,NA,NA,NA,NA,NA,632457,NA,168210,NA,NA,0
"404","30","HS",2017,201709,"September 2017",4,0,2,"Exports",705,"Slovenia",NA,528,"Netherlands",NA,NA,NA,NA,NA,NA,NA,NA,"3915","Waste, parings and scrap, of plastics",0,NA,NA,NA,NA,NA,41044,NA,4809,NA,NA,0
"405","30","HS",2017,201709,"September 2017",4,0,2,"Exports",705,"Slovenia",NA,616,"Poland",NA,NA,NA,NA,NA,NA,NA,NA,"3915","Waste, parings and scrap, of plastics",0,NA,NA,NA,NA,NA,194550,NA,93080,NA,NA,0
"406","30","HS",2017,201709,"September 2017",4,0,2,"Exports",705,"Slovenia",NA,688,"Serbia",NA,NA,NA,NA,NA,NA,NA,NA,"3915","Waste, parings and scrap, of plastics",0,NA,NA,NA,NA,NA,589070,NA,135745,NA,NA,0
"407","30","HS",2017,201709,"September 2017",4,0,2,"Exports",705,"Slovenia",NA,703,"Slovakia",NA,NA,NA,NA,NA,NA,NA,NA,"3915","Waste, parings and scrap, of plastics",0,NA,NA,NA,NA,NA,32058,NA,8002,NA,NA,0
"408","30","HS",2017,201709,"September 2017",4,0,2,"Exports",705,"Slovenia",NA,704,"Viet Nam",NA,NA,NA,NA,NA,NA,NA,NA,"3915","Waste, parings and scrap, of plastics",0,NA,NA,NA,NA,NA,387444,NA,94946,NA,NA,0
"409","30","HS",2017,201709,"September 2017",4,0,2,"Exports",705,"Slovenia",NA,792,"Turkey",NA,NA,NA,NA,NA,NA,NA,NA,"3915","Waste, parings and scrap, of plastics",0,NA,NA,NA,NA,NA,305290,NA,87349,NA,NA,0
"410","32","HS",2017,201709,"September 2017",4,0,2,"Exports",757,"Switzerland",NA,191,"Croatia",NA,NA,NA,NA,NA,NA,NA,NA,"3915","Waste, parings and scrap, of plastics",0,NA,NA,NA,NA,NA,12552,NA,2005,NA,NA,0
"411","32","HS",2017,201709,"September 2017",4,0,2,"Exports",757,"Switzerland",NA,442,"Luxembourg",NA,NA,NA,NA,NA,NA,NA,NA,"3915","Waste, parings and scrap, of plastics",0,NA,NA,NA,NA,NA,46248,NA,12733,NA,NA,0
"412","32","HS",2017,201709,"September 2017",4,0,2,"Exports",757,"Switzerland",NA,458,"Malaysia",NA,NA,NA,NA,NA,NA,NA,NA,"3915","Waste, parings and scrap, of plastics",0,NA,NA,NA,NA,NA,26120,NA,2202,NA,NA,0
"413","32","HS",2017,201709,"September 2017",4,0,2,"Exports",752,"Sweden",NA,642,"Romania",NA,NA,NA,NA,NA,NA,NA,NA,"3915","Waste, parings and scrap, of plastics",0,NA,NA,NA,NA,NA,1150,NA,250,NA,NA,0
"414","32","HS",2017,201709,"September 2017",4,0,2,"Exports",757,"Switzerland",NA,616,"Poland",NA,NA,NA,NA,NA,NA,NA,NA,"3915","Waste, parings and scrap, of plastics",0,NA,NA,NA,NA,NA,73785,NA,7726,NA,NA,0
"415","32","HS",2017,201709,"September 2017",4,0,2,"Exports",757,"Switzerland",NA,276,"Germany",NA,NA,NA,NA,NA,NA,NA,NA,"3915","Waste, parings and scrap, of plastics",0,NA,NA,NA,NA,NA,4141678,NA,990974,NA,NA,0
"416","32","HS",2017,201709,"September 2017",4,0,2,"Exports",757,"Switzerland",NA,156,"China",NA,NA,NA,NA,NA,NA,NA,NA,"3915","Waste, parings and scrap, of plastics",0,NA,NA,NA,NA,NA,43085,NA,4409,NA,NA,0
"417","32","HS",2017,201709,"September 2017",4,0,2,"Exports",757,"Switzerland",NA,251,"France",NA,NA,NA,NA,NA,NA,NA,NA,"3915","Waste, parings and scrap, of plastics",0,NA,NA,NA,NA,NA,336407,NA,67202,NA,NA,0
"418","32","HS",2017,201709,"September 2017",4,0,2,"Exports",757,"Switzerland",NA,699,"India",NA,NA,NA,NA,NA,NA,NA,NA,"3915","Waste, parings and scrap, of plastics",0,NA,NA,NA,NA,NA,23375,NA,2961,NA,NA,0
"419","32","HS",2017,201709,"September 2017",4,0,2,"Exports",757,"Switzerland",NA,528,"Netherlands",NA,NA,NA,NA,NA,NA,NA,NA,"3915","Waste, parings and scrap, of plastics",0,NA,NA,NA,NA,NA,430157,NA,83841,NA,NA,0
"420","32","HS",2017,201709,"September 2017",4,0,2,"Exports",752,"Sweden",NA,410,"Rep. of Korea",NA,NA,NA,NA,NA,NA,NA,NA,"3915","Waste, parings and scrap, of plastics",0,NA,NA,NA,NA,NA,60000,NA,8373,NA,NA,0
"421","32","HS",2017,201709,"September 2017",4,0,2,"Exports",752,"Sweden",NA,792,"Turkey",NA,NA,NA,NA,NA,NA,NA,NA,"3915","Waste, parings and scrap, of plastics",0,NA,NA,NA,NA,NA,165000,NA,54362,NA,NA,0
"422","32","HS",2017,201709,"September 2017",4,0,2,"Exports",752,"Sweden",NA,381,"Italy",NA,NA,NA,NA,NA,NA,NA,NA,"3915","Waste, parings and scrap, of plastics",0,NA,NA,NA,NA,NA,9000,NA,4624,NA,NA,0
"423","32","HS",2017,201709,"September 2017",4,0,2,"Exports",752,"Sweden",NA,208,"Denmark",NA,NA,NA,NA,NA,NA,NA,NA,"3915","Waste, parings and scrap, of plastics",0,NA,NA,NA,NA,NA,169000,NA,147340,NA,NA,0
"424","32","HS",2017,201709,"September 2017",4,0,2,"Exports",752,"Sweden",NA,528,"Netherlands",NA,NA,NA,NA,NA,NA,NA,NA,"3915","Waste, parings and scrap, of plastics",0,NA,NA,NA,NA,NA,455000,NA,132593,NA,NA,0
"425","32","HS",2017,201709,"September 2017",4,0,2,"Exports",752,"Sweden",NA,826,"United Kingdom",NA,NA,NA,NA,NA,NA,NA,NA,"3915","Waste, parings and scrap, of plastics",0,NA,NA,NA,NA,NA,162000,NA,54237,NA,NA,0
"426","32","HS",2017,201709,"September 2017",4,0,2,"Exports",752,"Sweden",NA,818,"Egypt",NA,NA,NA,NA,NA,NA,NA,NA,"3915","Waste, parings and scrap, of plastics",0,NA,NA,NA,NA,NA,51000,NA,15246,NA,NA,0
"427","32","HS",2017,201709,"September 2017",4,0,2,"Exports",752,"Sweden",NA,56,"Belgium",NA,NA,NA,NA,NA,NA,NA,NA,"3915","Waste, parings and scrap, of plastics",0,NA,NA,NA,NA,NA,75000,NA,29243,NA,NA,0
"428","32","HS",2017,201709,"September 2017",4,0,2,"Exports",752,"Sweden",NA,36,"Australia",NA,NA,NA,NA,NA,NA,NA,NA,"3915","Waste, parings and scrap, of plastics",0,NA,NA,NA,NA,NA,14000,NA,2999,NA,NA,0
"429","32","HS",2017,201709,"September 2017",4,0,2,"Exports",752,"Sweden",NA,428,"Latvia",NA,NA,NA,NA,NA,NA,NA,NA,"3915","Waste, parings and scrap, of plastics",0,NA,NA,NA,NA,NA,128000,NA,33742,NA,NA,0
"430","32","HS",2017,201709,"September 2017",4,0,2,"Exports",752,"Sweden",NA,616,"Poland",NA,NA,NA,NA,NA,NA,NA,NA,"3915","Waste, parings and scrap, of plastics",0,NA,NA,NA,NA,NA,2250000,NA,361039,NA,NA,0
"431","32","HS",2017,201709,"September 2017",4,0,2,"Exports",752,"Sweden",NA,233,"Estonia",NA,NA,NA,NA,NA,NA,NA,NA,"3915","Waste, parings and scrap, of plastics",0,NA,NA,NA,NA,NA,109000,NA,18621,NA,NA,0
"432","32","HS",2017,201709,"September 2017",4,0,2,"Exports",752,"Sweden",NA,276,"Germany",NA,NA,NA,NA,NA,NA,NA,NA,"3915","Waste, parings and scrap, of plastics",0,NA,NA,NA,NA,NA,1325000,NA,453517,NA,NA,0
"433","32","HS",2017,201709,"September 2017",4,0,2,"Exports",752,"Sweden",NA,344,"China, Hong Kong SAR",NA,NA,NA,NA,NA,NA,NA,NA,"3915","Waste, parings and scrap, of plastics",0,NA,NA,NA,NA,NA,848000,NA,80606,NA,NA,0
"434","32","HS",2017,201709,"September 2017",4,0,2,"Exports",752,"Sweden",NA,724,"Spain",NA,NA,NA,NA,NA,NA,NA,NA,"3915","Waste, parings and scrap, of plastics",0,NA,NA,NA,NA,NA,38000,NA,7373,NA,NA,0
"435","32","HS",2017,201709,"September 2017",4,0,2,"Exports",752,"Sweden",NA,458,"Malaysia",NA,NA,NA,NA,NA,NA,NA,NA,"3915","Waste, parings and scrap, of plastics",0,NA,NA,NA,NA,NA,1138000,NA,106600,NA,NA,0
"436","32","HS",2017,201709,"September 2017",4,0,2,"Exports",752,"Sweden",NA,440,"Lithuania",NA,NA,NA,NA,NA,NA,NA,NA,"3915","Waste, parings and scrap, of plastics",0,NA,NA,NA,NA,NA,511000,NA,156338,NA,NA,0
"437","32","HS",2017,201709,"September 2017",4,0,2,"Exports",752,"Sweden",NA,156,"China",NA,NA,NA,NA,NA,NA,NA,NA,"3915","Waste, parings and scrap, of plastics",0,NA,NA,NA,NA,NA,40000,NA,18746,NA,NA,0
"438","32","HS",2017,201709,"September 2017",4,0,2,"Exports",752,"Sweden",NA,579,"Norway",NA,NA,NA,NA,NA,NA,NA,NA,"3915","Waste, parings and scrap, of plastics",0,NA,NA,NA,NA,NA,47601,NA,37366,NA,NA,0
"439","32","HS",2017,201709,"September 2017",4,0,2,"Exports",757,"Switzerland",NA,0,"World",NA,NA,NA,NA,NA,NA,NA,NA,"3915","Waste, parings and scrap, of plastics",0,NA,NA,NA,NA,NA,NA,NA,1598863,NA,NA,0
"440","32","HS",2017,201709,"September 2017",4,0,2,"Exports",757,"Switzerland",NA,703,"Slovakia",NA,NA,NA,NA,NA,NA,NA,NA,"3915","Waste, parings and scrap, of plastics",0,NA,NA,NA,NA,NA,NA,NA,4,NA,NA,0
"441","32","HS",2017,201709,"September 2017",4,0,2,"Exports",752,"Sweden",NA,0,"World",NA,NA,NA,NA,NA,NA,NA,NA,"3915","Waste, parings and scrap, of plastics",0,NA,NA,NA,NA,NA,7799180,NA,1785826,NA,NA,0
"442","32","HS",2017,201709,"September 2017",4,0,2,"Exports",752,"Sweden",NA,251,"France",NA,NA,NA,NA,NA,NA,NA,NA,"3915","Waste, parings and scrap, of plastics",0,NA,NA,NA,NA,NA,47000,NA,19495,NA,NA,0
"443","32","HS",2017,201709,"September 2017",4,0,2,"Exports",752,"Sweden",NA,699,"India",NA,NA,NA,NA,NA,NA,NA,NA,"3915","Waste, parings and scrap, of plastics",0,NA,NA,NA,NA,NA,21000,NA,16496,NA,NA,0
"444","32","HS",2017,201709,"September 2017",4,0,2,"Exports",752,"Sweden",NA,842,"United States of America",NA,NA,NA,NA,NA,NA,NA,NA,"3915","Waste, parings and scrap, of plastics",0,NA,NA,NA,NA,NA,113000,NA,21745,NA,NA,0
"445","32","HS",2017,201709,"September 2017",4,0,2,"Exports",757,"Switzerland",NA,344,"China, Hong Kong SAR",NA,NA,NA,NA,NA,NA,NA,NA,"3915","Waste, parings and scrap, of plastics",0,NA,NA,NA,NA,NA,24820,NA,3372,NA,NA,0
"446","32","HS",2017,201709,"September 2017",4,0,2,"Exports",757,"Switzerland",NA,381,"Italy",NA,NA,NA,NA,NA,NA,NA,NA,"3915","Waste, parings and scrap, of plastics",0,NA,NA,NA,NA,NA,472822,NA,177119,NA,NA,0
"447","32","HS",2017,201709,"September 2017",4,0,2,"Exports",757,"Switzerland",NA,724,"Spain",NA,NA,NA,NA,NA,NA,NA,NA,"3915","Waste, parings and scrap, of plastics",0,NA,NA,NA,NA,NA,33181,NA,18686,NA,NA,0
"448","32","HS",2017,201709,"September 2017",4,0,2,"Exports",752,"Sweden",NA,203,"Czech Rep.",NA,NA,NA,NA,NA,NA,NA,NA,"3915","Waste, parings and scrap, of plastics",0,NA,NA,NA,NA,NA,22429,NA,4874,NA,NA,0
"449","32","HS",2017,201709,"September 2017",4,0,2,"Exports",757,"Switzerland",NA,826,"United Kingdom",NA,NA,NA,NA,NA,NA,NA,NA,"3915","Waste, parings and scrap, of plastics",0,NA,NA,NA,NA,NA,236967,NA,3942,NA,NA,0
"450","32","HS",2017,201709,"September 2017",4,0,2,"Exports",757,"Switzerland",NA,40,"Austria",NA,NA,NA,NA,NA,NA,NA,NA,"3915","Waste, parings and scrap, of plastics",0,NA,NA,NA,NA,NA,1319828,NA,117921,NA,NA,0
"451","32","HS",2017,201709,"September 2017",4,0,2,"Exports",757,"Switzerland",NA,56,"Belgium",NA,NA,NA,NA,NA,NA,NA,NA,"3915","Waste, parings and scrap, of plastics",0,NA,NA,NA,NA,NA,256629,NA,96956,NA,NA,0
"452","32","HS",2017,201709,"September 2017",4,0,2,"Exports",757,"Switzerland",NA,100,"Bulgaria",NA,NA,NA,NA,NA,NA,NA,NA,"3915","Waste, parings and scrap, of plastics",0,NA,NA,NA,NA,NA,21850,NA,6808,NA,NA,0
"453","34","HS",2017,201709,"September 2017",4,0,2,"Exports",792,"Turkey",NA,490,"Other Asia, nes",NA,NA,NA,NA,NA,NA,NA,NA,"3915","Waste, parings and scrap, of plastics",0,NA,NA,NA,NA,NA,21060,NA,29415,NA,NA,0
"454","34","HS",2017,201709,"September 2017",4,0,2,"Exports",792,"Turkey",NA,344,"China, Hong Kong SAR",NA,NA,NA,NA,NA,NA,NA,NA,"3915","Waste, parings and scrap, of plastics",0,NA,NA,NA,NA,NA,336861,NA,255332,NA,NA,0
"455","34","HS",2017,201709,"September 2017",4,0,2,"Exports",792,"Turkey",NA,458,"Malaysia",NA,NA,NA,NA,NA,NA,NA,NA,"3915","Waste, parings and scrap, of plastics",0,NA,NA,NA,NA,NA,99350,NA,185240,NA,NA,0
"456","34","HS",2017,201709,"September 2017",4,0,2,"Exports",792,"Turkey",NA,838,"Free Zones",NA,NA,NA,NA,NA,NA,NA,NA,"3915","Waste, parings and scrap, of plastics",0,NA,NA,NA,NA,NA,96940,NA,152235,NA,NA,0
"457","34","HS",2017,201709,"September 2017",4,0,2,"Exports",792,"Turkey",NA,203,"Czech Rep.",NA,NA,NA,NA,NA,NA,NA,NA,"3915","Waste, parings and scrap, of plastics",0,NA,NA,NA,NA,NA,21390,NA,41336,NA,NA,0
"458","34","HS",2017,201709,"September 2017",4,0,2,"Exports",792,"Turkey",NA,381,"Italy",NA,NA,NA,NA,NA,NA,NA,NA,"3915","Waste, parings and scrap, of plastics",0,NA,NA,NA,NA,NA,13490,NA,16093,NA,NA,0
"459","34","HS",2017,201709,"September 2017",4,0,2,"Exports",792,"Turkey",NA,842,"United States of America",NA,NA,NA,NA,NA,NA,NA,NA,"3915","Waste, parings and scrap, of plastics",0,NA,NA,NA,NA,NA,35980,NA,53538,NA,NA,0
"460","34","HS",2017,201709,"September 2017",4,0,2,"Exports",792,"Turkey",NA,643,"Russian Federation",NA,NA,NA,NA,NA,NA,NA,NA,"3915","Waste, parings and scrap, of plastics",0,NA,NA,NA,NA,NA,453117,NA,913301,NA,NA,0
"461","34","HS",2017,201709,"September 2017",4,0,2,"Exports",792,"Turkey",NA,276,"Germany",NA,NA,NA,NA,NA,NA,NA,NA,"3915","Waste, parings and scrap, of plastics",0,NA,NA,NA,NA,NA,20331,NA,31374,NA,NA,0
"462","34","HS",2017,201709,"September 2017",4,0,2,"Exports",792,"Turkey",NA,699,"India",NA,NA,NA,NA,NA,NA,NA,NA,"3915","Waste, parings and scrap, of plastics",0,NA,NA,NA,NA,NA,22600,NA,15143,NA,NA,0
"463","34","HS",2017,201709,"September 2017",4,0,2,"Exports",792,"Turkey",NA,0,"World",NA,NA,NA,NA,NA,NA,NA,NA,"3915","Waste, parings and scrap, of plastics",0,NA,NA,NA,NA,NA,1170919,NA,1787627,NA,NA,0
"464","34","HS",2017,201709,"September 2017",4,0,2,"Exports",792,"Turkey",NA,704,"Viet Nam",NA,NA,NA,NA,NA,NA,NA,NA,"3915","Waste, parings and scrap, of plastics",0,NA,NA,NA,NA,NA,49800,NA,94620,NA,NA,0
"465","34","HS",2017,201709,"September 2017",4,0,2,"Exports",804,"Ukraine",NA,208,"Denmark",NA,NA,NA,NA,NA,NA,NA,NA,"3915","Waste, parings and scrap, of plastics",0,NA,NA,NA,NA,NA,20200,NA,49894,NA,NA,0
"466","34","HS",2017,201709,"September 2017",4,0,2,"Exports",804,"Ukraine",NA,276,"Germany",NA,NA,NA,NA,NA,NA,NA,NA,"3915","Waste, parings and scrap, of plastics",0,NA,NA,NA,NA,NA,6,NA,5,NA,NA,0
"467","34","HS",2017,201709,"September 2017",4,0,2,"Exports",804,"Ukraine",NA,0,"World",NA,NA,NA,NA,NA,NA,NA,NA,"3915","Waste, parings and scrap, of plastics",0,NA,NA,NA,NA,NA,41027,NA,60166,NA,NA,0
"468","34","HS",2017,201709,"September 2017",4,0,2,"Exports",804,"Ukraine",NA,344,"China, Hong Kong SAR",NA,NA,NA,NA,NA,NA,NA,NA,"3915","Waste, parings and scrap, of plastics",0,NA,NA,NA,NA,NA,20821,NA,10267,NA,NA,0
